milisec,RacketX,RacketY,RacketZ,forceX,forceX,forceX,ForceRatio,FriendPoint,EnemyPoint,haptics,scene
2224219,0,0,0,0,0,0,6.4,0,0,0,0,
2224234,-0.00248523,-0.0307224,-0.0113146,0,0,0,0.8,0,0,0,0,
2224260,-0.00279779,-0.0314767,-0.0119148,0,0,0,1.4,0,0,0,0,
2224300,-0.00303394,-0.0310741,-0.0121289,0,0,0,2,0,0,0,0,
2224340,-0.00320275,-0.0307864,-0.0122977,0,0,0,2,0,0,0,0,
2224380,-0.00338262,-0.0304417,-0.0124777,0,0,0,2,0,0,0,0,
2224420,-0.00341649,-0.0303077,-0.0125563,0,0,0,2,0,0,0,0,
2224460,-0.00346146,-0.0302311,-0.0126013,0,0,0,2,0,0,0,0,
2224505,-0.00352892,-0.0301161,-0.0126688,0,0,0,2.2,0,0,0,0,
2224540,-0.00355138,-0.0300778,-0.0126912,0,0,0,1.8,0,0,0,0,
2224580,-0.00355138,-0.0300778,-0.0126912,0,0,0,2,0,0,0,0,
2224620,-0.00356265,-0.0300586,-0.0127025,0,0,0,2,0,0,0,0,
2224660,-0.00355149,-0.0300396,-0.0127137,0,0,0,2,0,0,0,0,
2224700,-0.00359644,-0.0299629,-0.0127586,0,0,0,2,0,0,0,0,
2224740,-0.00361889,-0.0299247,-0.0127811,0,0,0,2,0,0,0,0,
2224780,-0.00366384,-0.0298481,-0.012826,0,0,0,2,0,0,0,0,
2224820,-0.00367512,-0.0297906,-0.0128597,0,0,0,2,0,0,0,0,
2224860,-0.00367512,-0.0297906,-0.0128597,0,0,0,2,0,0,0,0,
2224900,-0.00367512,-0.0297906,-0.0128597,0,0,0,2,0,0,0,0,
2224940,-0.00367512,-0.0297906,-0.0128597,0,0,0,2,0,0,0,0,
2224980,-0.00367512,-0.0297906,-0.0128597,0,0,0,2,0,0,0,0,
2225021,-0.00367512,-0.0297906,-0.0128597,0,0,0,2,0,0,0,0,
2225060,-0.00367512,-0.0297906,-0.0128597,0,0,0,2,0,0,0,0,
2225100,-0.00367512,-0.0297906,-0.0128597,0,0,0,2,0,0,0,0,
2225140,-0.00367512,-0.0297906,-0.0128597,0,0,0,2,0,0,0,0,
2225180,-0.00367512,-0.0297906,-0.0128597,0,0,0,2,0,0,0,0,
2225220,-0.00367512,-0.0297906,-0.0128597,0,0,0,2,0,0,0,0,
2225260,-0.00367512,-0.0297906,-0.0128597,0,0,0,2,0,0,0,0,
2225300,-0.00367512,-0.0297906,-0.0128597,0,0,0,2,0,0,0,0,
2225341,-0.00367512,-0.0297906,-0.0128597,0,0,0,2,0,0,0,0,
2225380,-0.00367512,-0.0297906,-0.0128597,0,0,0,2,0,0,0,0,
2225420,-0.00367512,-0.0297906,-0.0128597,0,0,0,2,0,0,0,0,
2225460,-0.00367512,-0.0297906,-0.0128597,0,0,0,2,0,0,0,0,
2225500,-0.00367512,-0.0297906,-0.0128597,0,0,0,2,0,0,0,0,
2225540,-0.00474759,-0.0263611,-0.0129355,0,0,0,2,0,0,0,0,
2225580,-0.0104935,-0.00403934,-0.0130171,0,0,0,2,0,0,0,0,
2225620,-0.0177463,0.0349132,-0.012633,0,0,0,2,0,0,0,0,
2225661,-0.0241663,0.0711143,-0.0112845,0,0,0,2,0,0,0,0,
2225700,-0.0322797,0.0950982,-0.011448,0,0,0,2,0,0,0,0,
2225740,-0.041116,0.111124,-0.012674,0,0,0,2,0,0,0,0,
2225780,-0.0446719,0.117221,-0.0133804,0,0,0,2,0,0,0,0,
2225820,-0.0448927,0.117879,-0.014219,0,0,0,2,0,0,0,0,
2225860,-0.0439633,0.116183,-0.0139677,0,0,0,2,0,0,0,0,
2225900,-0.043459,0.113826,-0.0150948,0,0,0,2,0,0,0,0,
2225940,-0.0431756,0.113006,-0.0153939,0,0,0,2,0,0,0,0,
2225980,-0.0429468,0.111597,-0.0160071,0,0,0,2,0,0,0,0,
2226020,-0.0430166,0.111002,-0.0163564,0,0,0,2,0,0,0,0,
2226060,-0.0431002,0.110278,-0.016697,0,0,0,2,0,0,0,0,
2226100,-0.0430666,0.109582,-0.0171282,0,0,0,2,0,0,0,0,
2226140,-0.0430283,0.109215,-0.0173227,0,0,0,2,0,0,0,0,
2226180,-0.0429949,0.108593,-0.0177081,0,0,0,2,0,0,0,0,
2226220,-0.0430048,0.108497,-0.0177645,0,0,0,2,0,0,0,0,
2226260,-0.0430228,0.108075,-0.0179693,0,0,0,2,0,0,0,0,
2226300,-0.0431205,0.108053,-0.0180436,0,0,0,2,0,0,0,0,
2226340,-0.0526136,0.124918,-0.0173617,0,0,0,2,0,0,0,0,
2226380,-0.0677367,0.165139,-0.022386,0,0,0,2,0,0,0,0,
2226420,-0.0772642,0.202062,-0.0295069,0,0,0,2,0,0,0,0,
2226461,-0.0828738,0.221421,-0.0342971,0,0,0,2,0,0,0,0,
2226500,-0.0834378,0.227578,-0.0366008,0,0,0,2,0,0,0,0,
2226541,-0.0821688,0.222669,-0.0381327,0,0,0,2,0,0,0,0,
2226580,-0.0807418,0.211612,-0.0425267,0,0,0,2,0,0,0,0,
2226620,-0.0759473,0.198373,-0.0482041,0,0,0,2,0,0,0,0,
2226660,-0.0727517,0.182296,-0.0549148,0,0,0,2,0,0,0,0,
2226700,-0.0685794,0.164594,-0.0626468,0,0,0,2,0,0,0,0,
2226740,-0.0675491,0.155413,-0.0683643,0,0,0,2,0,0,0,0,
2226780,-0.0750868,0.167681,-0.0674848,0,0,0,2,0,0,0,0,
2226820,-0.0857464,0.188665,-0.0659206,0,0,0,2,0,0,0,0,
2226860,-0.0925079,0.202281,-0.0643599,0,0,0,2,0,0,0,0,
2226900,-0.0938182,0.203845,-0.0637771,0,0,0,2,0,0,0,0,
2226940,-0.0920623,0.199833,-0.0645295,0,0,0,2,0,0,0,0,
2226980,-0.0893387,0.193524,-0.0662611,0,0,0,2,0,0,0,0,
2227020,-0.0910302,0.193594,-0.0680132,0,0,0,2,0,0,0,0,
2227060,-0.0946702,0.199623,-0.0682636,0,0,0,2,0,0,0,0,
2227100,-0.0964846,0.206104,-0.0693504,0,0,0,2,0,0,0,0,
2227140,-0.0962313,0.209548,-0.071058,0,0,0,2,0,0,0,0,
2227180,-0.0964471,0.213717,-0.0725684,0,0,0,2,0,0,0,0,
2227221,-0.0954253,0.217606,-0.0742543,0,0,0,2,0,0,0,0,
2227260,-0.0939003,0.221015,-0.0751866,0,0,0,2,0,0,0,0,
2227300,-0.0916776,0.224106,-0.0760749,0,0,0,2,0,0,0,0,
2227340,-0.0887588,0.226702,-0.0774721,0,0,0,2,0,0,0,0,
2227380,-0.0854005,0.229642,-0.0791299,0,0,0,2,0,0,0,0,
2227420,-0.0823109,0.232454,-0.0806581,0,0,0,2,0,0,0,0,
2227460,-0.0797822,0.235244,-0.0820839,0,0,0,2,0,0,0,0,
2227500,-0.077556,0.238654,-0.0835333,0,0,0,2,0,0,0,0,
2227541,-0.0755668,0.242302,-0.0845805,0,0,0,2,0,0,0,0,
2227580,-0.0736968,0.245612,-0.0851277,0,0,0,2,0,0,0,0,
2227620,-0.0717643,0.249407,-0.0859823,0,0,0,2,0,0,0,0,
2227660,-0.0699658,0.253148,-0.0870999,0,0,0,2,0,0,0,0,
2227700,-0.0682991,0.256632,-0.0881135,0,0,0,2,0,0,0,0,
2227740,-0.0669079,0.259892,-0.0892872,0,0,0,2,0,0,0,0,
2227780,-0.0654829,0.262964,-0.0902617,0,0,0,2,0,0,0,0,
2227820,-0.0637947,0.265964,-0.0909048,0,0,0,2,0,0,0,0,
2227861,-0.0618162,0.269489,-0.0916568,0,0,0,2,0,0,0,0,
2227900,-0.0598233,0.273895,-0.0932167,0,0,0,2,0,0,0,0,
2227940,-0.0578489,0.278634,-0.0951292,0,0,0,2,0,0,0,0,
2227980,-0.0561852,0.283512,-0.0975905,0,0,0,2,0,0,0,0,
2228020,-0.0546454,0.288669,-0.100664,0,0,0,2,0,0,0,0,
2228060,-0.0526374,0.293276,-0.103989,0,0,0,2,0,0,0,0,
2228100,-0.0497244,0.296932,-0.107878,0,0,0,2,0,0,0,0,
2228140,-0.0464789,0.299155,-0.111638,0,0,0,2,0,0,0,0,
2228180,-0.0434428,0.29986,-0.114762,0,0,0,2,0,0,0,0,
2228220,-0.0409024,0.300298,-0.117321,0,0,0,2,0,0,0,0,
2228260,-0.0389228,0.300878,-0.119318,0,0,0,2,0,0,0,0,
2228300,-0.0368692,0.301639,-0.12142,0,0,0,2,0,0,0,0,
2228340,-0.0347073,0.302449,-0.123688,0,0,0,2,0,0,0,0,
2228380,-0.0328806,0.304229,-0.125794,0,0,0,2,0,0,0,0,
2228420,-0.0313615,0.306638,-0.12693,0,0,0,2,0,0,0,0,
2228460,-0.0301537,0.308657,-0.127627,0,0,0,2,0,0,0,0,
2228500,-0.0287863,0.310987,-0.128351,0,0,0,2,0,0,0,0,
2228540,-0.0274967,0.313065,-0.129019,0,0,0,2,0,0,0,0,
2228580,-0.0257557,0.314229,-0.130538,0,0,0,2,0,0,0,0,
2228620,-0.0229003,0.314893,-0.133394,0,0,0,2,0,0,0,0,
2228660,-0.0198427,0.316033,-0.136318,0,0,0,2,0,0,0,0,
2228700,-0.0172266,0.317406,-0.138682,0,0,0,2,0,0,0,0,
2228740,-0.014664,0.318207,-0.141275,0,0,0,2,0,0,0,0,
2228780,-0.0121023,0.318468,-0.143868,0,0,0,2,0,0,0,0,
2228820,-0.0104283,0.31857,-0.14564,0,0,0,2,0,0,0,0,
2228860,-0.00902388,0.318484,-0.147226,0,0,0,2,0,0,0,0,
2228901,-0.00744939,0.317678,-0.148646,0,0,0,2,0,0,0,0,
2228940,-0.00589355,0.316465,-0.149759,0,0,0,2,0,0,0,0,
2228980,-0.00471569,0.315897,-0.150671,0,0,0,2,0,0,0,0,
2229020,-0.00371677,0.314915,-0.151315,0,0,0,2,0,0,0,0,
2229060,-0.00279098,0.313472,-0.151779,0,0,0,2,0,0,0,0,
2229101,-0.00245665,0.312947,-0.151954,0,0,0,2,0,0,0,0,
2229140,-0.00244777,0.312932,-0.151945,0,0,0,2,0,0,0,0,
2229180,-0.00244777,0.312932,-0.151945,0,0,0,2,0,0,0,0,
2229220,-0.00245924,0.312951,-0.151933,0,0,0,2,0,0,0,0,
2229260,-0.0025069,0.312987,-0.151886,0,0,0,2,0,0,0,0,
2229300,-0.00268811,0.313296,-0.151722,0,0,0,2,0,0,0,0,
2229340,-0.0028238,0.313565,-0.151582,0,0,0,2,0,0,0,0,
2229380,-0.00302753,0.314102,-0.151303,0,0,0,2,0,0,0,0,
2229421,-0.00320378,0.314969,-0.150812,0,0,0,2,0,0,0,0,
2229460,-0.00325067,0.315124,-0.150721,0,0,0,2,0,0,0,0,
2229500,-0.00325955,0.315139,-0.15073,0,0,0,2,0,0,0,0,
2229540,-0.00325475,0.315169,-0.150748,0,0,0,2,0,0,0,0,
2229580,-0.00322022,0.31511,-0.150783,0,0,0,2,0,0,0,0,
2229620,-0.00300379,0.314703,-0.151003,0,0,0,2,0,0,0,0,
2229660,-0.00284803,0.314438,-0.151124,0,0,0,2,0,0,0,0,
2229700,-0.00283654,0.314418,-0.151135,0,0,0,2,0,0,0,0,
2229741,-0.00269232,0.314172,-0.151244,0,0,0,2,0,0,0,0,
2229780,-0.00243094,0.313614,-0.151465,0,0,0,2,0,0,0,0,
2229820,-0.00236719,0.313505,-0.151493,0,0,0,2,0,0,0,0,
2229860,-0.00235571,0.313485,-0.151505,0,0,0,2,0,0,0,0,
2229900,-0.00233494,0.313412,-0.15153,0,0,0,2,0,0,0,0,
2229940,-0.00233494,0.313412,-0.15153,0,0,0,2,0,0,0,8,
2229980,-0.00243118,0.313366,-0.151478,0,0,0,2,0,0,0,8,
2230020,-0.00284607,0.312893,-0.151174,0,0,0,2,0,0,0,8,
2230060,-0.00328938,0.312177,-0.150908,0,0,0,2,0,0,0,8,
2230100,-0.00372184,0.311518,-0.150609,0,0,0,2,0,0,0,8,
2230140,-0.00421413,0.310797,-0.150294,0,0,0,2,0,0,0,8,
2230180,-0.00478831,0.310005,-0.149959,0,0,0,2,0,0,0,8,
2230220,-0.00539027,0.309292,-0.149535,0,0,0,2,0,0,0,8,
2230260,-0.00606395,0.308771,-0.148972,0,0,0,2,0,0,0,8,
2230300,-0.00669736,0.30882,-0.148356,0,0,0,2,0,0,0,8,
2230340,-0.00736762,0.308797,-0.147721,0,0,0,2,0,0,0,8,
2230380,-0.00810213,0.308527,-0.146987,0,0,0,2,0,0,0,8,
2230420,-0.00885212,0.308419,-0.146255,0,0,0,2,0,0,0,8,
2230460,-0.00916261,0.308322,-0.145944,0,0,0,2,0,0,0,8,
2230500,-0.0101313,0.308275,-0.144993,0,0,0,2,0,0,0,8,
2230540,-0.0111061,0.308061,-0.144036,0,0,0,2,0,0,0,8,
2230580,-0.0120132,0.307658,-0.143173,0,0,0,2,0,0,0,8,
2230620,-0.0130125,0.307019,-0.142241,0,0,0,2,0,0,0,8,
2230660,-0.0140155,0.306345,-0.141287,0,0,0,2,0,0,0,8,
2230700,-0.0148936,0.305637,-0.140475,0,0,0,2,0,0,0,8,
2230740,-0.0156098,0.305177,-0.139763,0,0,0,2,0,0,0,8,
2230780,-0.0162621,0.304399,-0.139142,0,0,0,2,0,0,0,8,
2230820,-0.0170293,0.303091,-0.13853,0,0,0,2,0,0,0,8,
2230860,-0.018153,0.301453,-0.137828,0,0,0,2,0,0,0,8,
2230900,-0.019991,0.301357,-0.136008,0,0,0,2,0,0,0,8,
2230940,-0.0230192,0.302692,-0.132194,0,0,0,2,0,0,0,8,
2230981,-0.0271281,0.305714,-0.124598,0,0,0,2,0,0,0,8,
2231020,-0.031229,0.310419,-0.111498,0,0,0,2,0,0,0,8,
2231060,-0.0352139,0.316431,-0.0918543,0,0,0,2,0,0,0,8,
2231100,-0.0383056,0.323063,-0.0684236,0,0,0,2,0,0,0,8,
2231140,-0.0403746,0.328902,-0.044024,0,0,0,2,0,0,0,8,
2231180,-0.0415747,0.335165,-0.0193416,0,0,0,2,0,0,0,8,
2231220,-0.0436936,0.341126,0.00470009,0,0,0,2,0,0,0,8,
2231260,-0.0464825,0.344458,0.0268895,0,0,0,2,0,0,0,8,
2231301,-0.0489976,0.348756,0.0485789,0,0,0,2,0,0,0,8,
2231340,-0.0502494,0.354688,0.0694728,0,0,0,2,0,0,0,8,
2231380,-0.0505647,0.361085,0.0905223,0,0,0,2,0,0,0,8,
2231420,-0.0496868,0.368484,0.112709,0,0,0,2,0,0,0,8,
2231460,-0.0478814,0.375768,0.136356,0,0,0,2,0,0,0,8,
2231500,-0.0463604,0.380782,0.159721,0,0,0,2,0,0,0,8,
2231541,-0.0464089,0.384333,0.180891,0,0,0,2,0,0,0,8,
2231581,-0.0481552,0.388362,0.199081,0,0,0,2,0,0,0,8,
2231622,-0.0497586,0.391131,0.215519,0,0,0,2,0,0,0,8,
2231661,-0.0501165,0.393715,0.230934,0,0,0,2,0,0,0,8,
2231701,-0.0491581,0.396612,0.245606,0,0,0,2,0,0,0,8,
2231741,-0.0484243,0.399852,0.257837,0,0,0,2,0,0,0,8,
2231781,-0.0477003,0.402941,0.267105,0,0,0,2,0,0,0,8,
2231821,-0.0465572,0.405255,0.273491,0,0,0,2,0,0,0,8,
2231861,-0.0450396,0.406606,0.278371,0,0,0,2,0,0,0,8,
2231901,-0.0435394,0.407431,0.280108,0,0,0,2,0,0,0,8,
2231941,-0.0395439,0.407659,0.277686,0,0,0,2,0,0,0,8,
2231980,-0.0368273,0.407241,0.272926,0,0,0,2,0,0,0,8,
2232020,-0.034463,0.404594,0.264579,0,0,0,2,0,0,0,8,
2232060,-0.0350018,0.401267,0.252845,0,0,0,2,0,0,0,8,
2232100,-0.0360967,0.398332,0.234217,0,0,0,2,0,0,0,8,
2232141,-0.0384964,0.394426,0.207846,0,0,0,2,0,0,0,8,
2232181,-0.0419768,0.389546,0.174127,0,0,0,2,0,0,0,8,
2232221,-0.0463243,0.384741,0.135739,0,0,0,2,0,0,0,8,
2232260,-0.0510376,0.378371,0.0940715,0,0,0,2,0,0,0,8,
2232300,-0.0570605,0.371745,0.0478031,0,0,0,2,0,0,0,8,
2232340,-0.0639132,0.365211,-0.000865323,0,0,0,2,0,0,0,8,
2232380,-0.0718663,0.360121,-0.0456677,0,0,0,2,0,0,0,8,
2232420,-0.0792056,0.357456,-0.077717,0,0,0,2,0,0,0,8,
2232460,-0.0857966,0.358411,-0.0946683,0,0,0,2,0,0,0,8,
2232501,-0.0909648,0.361793,-0.0992989,0,0,0,2,0,0,0,8,
2232541,-0.0946771,0.365804,-0.0977488,0,0,0,2,0,0,0,8,
2232580,-0.0962051,0.367931,-0.0960019,0,0,0,2,0,0,0,8,
2232620,-0.0926514,0.370765,-0.0964138,0,0,0,2,0,0,0,8,
2232661,-0.0783151,0.375496,-0.100354,0,0,0,2,0,0,0,8,
2232700,-0.0532617,0.381924,-0.104805,0,0,0,2,0,0,0,8,
2232741,-0.0168401,0.389909,-0.107313,0,0,0,2,0,0,0,8,
2232780,0.0275512,0.396634,-0.110751,0,0,0,2,0,0,0,8,
2232821,0.0726109,0.39772,-0.115782,0,0,0,2,0,0,0,8,
2232861,0.113741,0.395007,-0.121768,0,0,0,2,0,0,0,8,
2232900,0.149415,0.389745,-0.125909,0,0,0,2,0,0,0,8,
2232940,0.180772,0.385367,-0.128967,0,0,0,2,0,0,0,8,
2232980,0.20759,0.383396,-0.131321,0,0,0,2,0,0,0,8,
2233020,0.230027,0.384529,-0.131792,0,0,0,2,0,0,0,8,
2233060,0.246318,0.386312,-0.132277,0,0,0,2,0,0,0,8,
2233101,0.254808,0.38812,-0.133142,0,0,0,2,0,0,0,8,
2233141,0.254652,0.388803,-0.133279,0,0,0,2,0,0,0,8,
2233182,0.244266,0.387051,-0.132597,0,0,0,2,0,0,0,8,
2233221,0.224891,0.383337,-0.132223,0,0,0,2,0,0,0,8,
2233260,0.195105,0.378263,-0.129894,0,0,0,2,0,0,0,8,
2233301,0.156987,0.376015,-0.126693,0,0,0,2,0,0,0,8,
2233340,0.112539,0.379693,-0.122578,0,0,0,2,0,0,0,8,
2233381,0.0635407,0.385178,-0.117163,0,0,0,2,0,0,0,8,
2233420,0.0130939,0.389527,-0.113406,0,0,0,2,0,0,0,8,
2233460,-0.0353017,0.396374,-0.107124,0,0,0,2,0,0,0,8,
2233502,-0.0789201,0.407111,-0.0985948,0,0,0,2,0,0,0,8,
2233540,-0.115327,0.413954,-0.094317,0,0,0,2,0,0,0,8,
2233580,-0.142796,0.417475,-0.0942435,0,0,0,2,0,0,0,8,
2233620,-0.156392,0.423419,-0.090819,0,0,0,2,0,0,0,8,
2233660,-0.160963,0.429588,-0.0858675,0,0,0,2,0,0,0,8,
2233700,-0.159012,0.429786,-0.0886621,0,0,0,2,0,0,0,8,
2233740,-0.153533,0.424591,-0.102604,0,0,0,2,0,0,0,8,
2233780,-0.146676,0.41749,-0.126494,0,0,0,2,0,0,0,8,
2233821,-0.139902,0.408347,-0.160538,0,0,0,2,0,0,0,8,
2233861,-0.132216,0.398068,-0.206842,0,0,0,2,0,0,0,8,
2233901,-0.125162,0.389121,-0.260605,0,0,0,2,0,0,0,8,
2233941,-0.118356,0.381633,-0.319587,0,0,0,2,0,0,0,8,
2233981,-0.111819,0.375634,-0.376955,0,0,0,2,0,0,0,8,
2234021,-0.103203,0.37295,-0.430468,0,0,0,2,0,0,0,8,
2234060,-0.0928326,0.375002,-0.47902,0,0,0,2,0,0,0,8,
2234100,-0.0817234,0.382855,-0.518803,0,0,0,2,0,0,0,8,
2234140,-0.0731181,0.38946,-0.548046,0,0,0,2,0,0,0,8,
2234180,-0.0656605,0.396409,-0.570952,0,0,0,2,0,0,0,8,
2234220,-0.0610347,0.401344,-0.588239,0,0,0,2,0,0,0,8,
2234260,-0.0575684,0.404919,-0.601309,0,0,0,2,0,0,0,8,
2234300,-0.0553033,0.406649,-0.609274,0,0,0,2,0,0,0,8,
2234340,-0.0547865,0.408685,-0.609501,0,0,0,2,0,0,0,8,
2234380,-0.0548174,0.409832,-0.601826,0,0,0,2,0,0,0,8,
2234421,-0.0557682,0.411001,-0.583389,0,0,0,2,0,0,0,8,
2234460,-0.0569585,0.413601,-0.558285,0,0,0,2,0,0,0,8,
2234500,-0.0588899,0.414289,-0.525301,0,0,0,2,0,0,0,8,
2234540,-0.0605002,0.413731,-0.487248,0,0,0,2,0,0,0,8,
2234580,-0.0616896,0.411642,-0.444397,0,0,0,2,0,0,0,8,
2234620,-0.0616704,0.40922,-0.396956,0,0,0,2,0,0,0,8,
2234660,-0.0598405,0.40454,-0.345897,0,0,0,2,0,0,0,8,
2234700,-0.0558737,0.400298,-0.291723,0,0,0,2,0,0,0,8,
2234741,-0.0489362,0.397988,-0.235641,0,0,0,2,0,0,0,8,
2234781,-0.0411945,0.395718,-0.185159,0,0,0,2,0,0,0,8,
2234821,-0.0320169,0.39544,-0.13901,0,0,0,2,0,0,0,8,
2234861,-0.0233096,0.395134,-0.100661,0,0,0,2,0,0,0,8,
2234901,-0.0166367,0.3949,-0.0729225,0,0,0,2,0,0,0,8,
2234941,-0.0129702,0.394681,-0.0544606,0,0,0,2,0,0,0,8,
2234980,-0.013325,0.392991,-0.0451691,0,0,0,2,0,0,0,8,
2235020,-0.015872,0.390286,-0.0412775,0,0,0,2,0,0,0,8,
2235061,-0.0183252,0.387873,-0.0389481,0,0,0,2,0,0,0,8,
2235100,-0.0198088,0.385808,-0.0377314,0,0,0,2,0,0,0,8,
2235141,-0.020655,0.384323,-0.0369059,0,0,0,2,0,0,0,8,
2235180,-0.0213481,0.383185,-0.0362128,0,0,0,2,0,0,0,8,
2235220,-0.0221531,0.382633,-0.0354078,0,0,0,2,0,0,0,8,
2235261,-0.0227144,0.382454,-0.0348464,0,0,0,2,0,0,0,8,
2235301,-0.0243598,0.382849,-0.0332564,0,0,0,2,0,0,0,8,
2235340,-0.0261461,0.383324,-0.0314238,0,0,0,2,0,0,0,8,
2235382,-0.0279021,0.383889,-0.0295853,0,0,0,2,0,0,0,8,
2235420,-0.0293574,0.383756,-0.028006,0,0,0,2,0,0,0,8,
2235460,-0.0309595,0.383833,-0.0262421,0,0,0,2,0,0,0,8,
2235500,-0.0319537,0.383707,-0.0252479,0,0,0,2,0,0,0,8,
2235540,-0.0321826,0.38336,-0.025019,0,0,0,2,0,0,0,8,
2235581,-0.0324792,0.382756,-0.0247826,0,0,0,2,0,0,0,8,
2235620,-0.0318014,0.381254,-0.0254604,0,0,0,2,0,0,0,8,
2235660,-0.0308959,0.379275,-0.0264692,0,0,0,2,0,0,0,8,
2235700,-0.0308512,0.377463,-0.0266823,0,0,0,2,0,0,0,8,
2235740,-0.0297461,0.37473,-0.0275628,0,0,0,2,0,0,0,8,
2235780,-0.0282483,0.371023,-0.0288819,0,0,0,2,0,0,0,8,
2235820,-0.0269433,0.368598,-0.0299811,0,0,0,2,0,0,0,8,
2235860,-0.0260162,0.366788,-0.031075,0,0,0,2,0,0,0,8,
2235900,-0.0253475,0.365982,-0.0318454,0,0,0,2,0,0,0,8,
2235940,-0.0251071,0.366091,-0.0320858,0,0,0,2,0,0,0,8,
2235980,-0.024867,0.366028,-0.0323259,0,0,0,2,0,0,0,8,
2236021,-0.0246988,0.365628,-0.0325355,0,0,0,2,0,0,0,8,
2236060,-0.0246019,0.365192,-0.0327151,0,0,0,2,0,0,0,8,
2236100,-0.0245641,0.365127,-0.0327528,0,0,0,2,0,0,0,8,
2236140,-0.0243432,0.364731,-0.0330358,0,0,0,2,0,0,0,8,
2236180,-0.024284,0.364832,-0.0332811,0,0,0,2,0,0,0,8,
2236220,-0.0247019,0.366138,-0.0332767,0,0,0,2,0,0,0,8,
2236260,-0.0252808,0.368074,-0.0328013,0,0,0,2,0,0,0,8,
2236300,-0.0257919,0.369635,-0.0324317,0,0,0,2,0,0,0,8,
2236340,-0.0265224,0.371234,-0.031722,0,0,0,2,0,0,0,8,
2236380,-0.0273019,0.372485,-0.0309821,0,0,0,2,0,0,0,8,
2236420,-0.0281063,0.373837,-0.0302399,0,0,0,2,0,0,0,8,
2236460,-0.0287159,0.376358,-0.029784,0,0,0,2,0,0,0,8,
2236500,-0.0291394,0.378126,-0.029903,0,0,0,2,0,0,0,8,
2236540,-0.0295947,0.379453,-0.029824,0,0,0,2,0,0,0,8,
2236580,-0.0298705,0.381489,-0.029947,0,0,0,2,0,0,0,8,
2236621,-0.0298992,0.384286,-0.0301289,0,0,0,2,0,0,0,8,
2236660,-0.0300713,0.38831,-0.0308641,0,0,0,2,0,0,0,8,
2236700,-0.0305888,0.391828,-0.030512,0,0,0,2,0,0,0,8,
2236740,-0.0315461,0.393722,-0.0300851,0,0,0,2,0,0,0,8,
2236780,-0.0318619,0.394304,-0.0303751,0,0,0,2,0,0,0,8,
2236821,-0.0319564,0.394465,-0.0304697,0,0,0,2,0,0,0,8,
2236860,-0.0316359,0.393919,-0.0307902,0,0,0,2,0,0,0,8,
2236900,-0.0307399,0.392215,-0.0317898,0,0,0,2,0,0,0,8,
2236941,-0.0298078,0.390273,-0.032929,0,0,0,2,0,0,0,8,
2236980,-0.0290802,0.389033,-0.0336567,0,0,0,2,0,0,0,8,
2237020,-0.0285677,0.388124,-0.0341898,0,0,0,2,0,0,0,8,
2237060,-0.0283969,0.387981,-0.0344021,0,0,0,2,0,0,0,8,
2237100,-0.0280338,0.388252,-0.0348066,0,0,0,2,0,0,0,8,
2237141,-0.0275195,0.388868,-0.0354453,0,0,0,2,0,0,0,8,
2237180,-0.028122,0.390753,-0.0348013,0,0,0,2,0,0,0,8,
2237220,-0.0292183,0.393151,-0.0333943,0,0,0,2,0,0,0,8,
2237261,-0.0300383,0.39461,-0.0326534,0,0,0,2,0,0,0,8,
2237300,-0.0312677,0.397103,-0.0317556,0,0,0,2,0,0,0,8,
2237340,-0.0327945,0.402876,-0.0303739,0,0,0,2,0,0,0,8,
2237380,-0.0345459,0.412396,-0.0286207,0,0,0,2,0,0,0,8,
2237420,-0.0367051,0.426309,-0.0271986,0,0,0,2,0,0,1,8,
2237460,-0.0392916,0.443093,-0.025405,0,0,0,2,0,0,1,8,
2237501,-0.042452,0.460303,-0.0229234,0,0,0,2,0,0,1,8,
2237540,-0.0458972,0.476994,-0.0197043,0,0,0,2,0,0,1,8,
2237580,-0.0487998,0.493561,-0.017424,0,0,0,2,0,0,1,8,
2237620,-0.051592,0.509875,-0.0157681,0,0,0,2,0,0,1,8,
2237660,-0.0542302,0.524974,-0.0158022,0,0,0,2,0,0,1,8,
2237700,-0.0560703,0.53954,-0.0164137,0,0,0,2,0,0,1,8,
2237740,-0.0567867,0.55285,-0.0169071,0,0,0,2,0,0,1,8,
2237780,-0.0576996,0.56314,-0.017237,0,0,0,2,0,0,1,8,
2237820,-0.0589985,0.570832,-0.0174124,0,0,0,2,0,0,1,8,
2237860,-0.0604022,0.576454,-0.0185044,0,0,0,2,0,0,1,8,
2237900,-0.0612641,0.579972,-0.020467,0,0,0,2,0,0,1,8,
2237940,-0.0626281,0.583262,-0.0208666,0,0,0,2,0,0,1,8,
2237980,-0.0634476,0.584683,-0.0214058,0,0,0,2,0,0,1,8,
2238020,-0.0643556,0.585091,-0.0209008,0,0,0,2,0,0,1,8,
2238060,-0.0669888,0.583665,-0.0197111,0,0,0,2,0,0,1,8,
2238100,-0.0726528,0.579117,-0.019583,0,0,0,2,0,0,1,8,
2238141,-0.0806675,0.571976,-0.0193806,0,0,0,2,0,0,1,8,
2238180,-0.0891361,0.564182,-0.0196222,0,0,0,2,0,0,1,8,
2238220,-0.0961173,0.557771,-0.0205468,0,0,0,2,0,0,1,8,
2238260,-0.100426,0.554213,-0.0209717,0,0,0,2,0,0,1,8,
2238300,-0.10223,0.552912,-0.021514,0,0,0,2,0,0,1,8,
2238341,-0.102173,0.553637,-0.0217341,0,0,0,2,0,0,1,8,
2238380,-0.102018,0.554291,-0.0218889,0,0,0,2,0,0,1,8,
2238420,-0.101958,0.554096,-0.0222028,0,0,0,2,0,0,1,8,
2238460,-0.100779,0.552457,-0.0235626,0,0,0,2,0,0,1,8,
2238500,-0.098352,0.549981,-0.0248178,0,0,0,2,0,0,1,8,
2238540,-0.0955749,0.546303,-0.0262767,0,0,0,2,0,0,1,8,
2238580,-0.0916869,0.541231,-0.0289564,0,0,0,2,0,0,1,8,
2238620,-0.0874197,0.53715,-0.0322109,0,0,0,2,0,0,1,8,
2238660,-0.084065,0.533376,-0.0349629,0,0,0,2,0,0,1,8,
2238700,-0.0818945,0.528659,-0.0376364,0,0,0,2,0,0,1,8,
2238740,-0.0802951,0.524649,-0.039561,0,0,0,2,0,0,1,8,
2238780,-0.078918,0.521935,-0.041209,0,0,0,2,0,0,1,8,
2238822,-0.0775343,0.519577,-0.0428093,0,0,0,2,0,0,1,8,
2238860,-0.0761352,0.517586,-0.0442203,0,0,0,2,0,0,1,8,
2238900,-0.0747892,0.515924,-0.0453477,0,0,0,2,0,0,1,8,
2238940,-0.0736816,0.514394,-0.0463263,0,0,0,2,0,0,1,8,
2238980,-0.0727358,0.51334,-0.0469711,0,0,0,2,0,0,1,8,
2239020,-0.0718666,0.512253,-0.0475823,0,0,0,2,0,0,1,8,
2239060,-0.071154,0.511367,-0.0481016,0,0,0,2,0,0,1,8,
2239100,-0.0705457,0.510633,-0.0485595,0,0,0,2,0,0,1,8,
2239141,-0.0699667,0.510269,-0.0489882,0,0,0,2,0,0,1,8,
2239180,-0.0694466,0.510317,-0.0494439,0,0,0,2,0,0,1,8,
2239221,-0.0690129,0.510311,-0.0498776,0,0,0,2,0,0,1,8,
2239260,-0.0683374,0.510811,-0.0505531,0,0,0,2,0,0,1,8,
2239300,-0.0673827,0.511415,-0.0514648,0,0,0,2,0,0,1,8,
2239340,-0.0663686,0.511424,-0.0524574,0,0,0,2,0,0,1,8,
2239380,-0.0649336,0.510944,-0.0536562,0,0,0,2,0,0,1,8,
2239420,-0.0633192,0.509955,-0.0548662,0,0,0,2,0,0,1,8,
2239461,-0.0615016,0.509072,-0.0563836,0,0,0,2,0,0,1,8,
2239501,-0.0596041,0.508748,-0.058088,0,0,0,2,0,0,1,8,
2239540,-0.0579241,0.508428,-0.0595751,0,0,0,2,0,0,1,8,
2239580,-0.056694,0.508129,-0.0605908,0,0,0,2,0,0,1,8,
2239620,-0.0558716,0.507612,-0.0613095,0,0,0,2,0,0,1,8,
2239660,-0.055299,0.5073,-0.0618178,0,0,0,2,0,0,1,8,
2239700,-0.0549804,0.507062,-0.0620936,0,0,0,2,0,0,1,8,
2239740,-0.0547512,0.506671,-0.0623228,0,0,0,2,0,0,1,8,
2239780,-0.0544165,0.506414,-0.062636,0,0,0,2,0,0,1,8,
2239820,-0.0540576,0.506199,-0.0629521,0,0,0,2,0,0,1,8,
2239860,-0.0537342,0.50574,-0.0632755,0,0,0,2,0,0,1,8,
2239900,-0.0532786,0.505324,-0.0637097,0,0,0,2,0,0,1,8,
2239940,-0.0528936,0.50488,-0.0640518,0,0,0,2,0,0,1,8,
2239980,-0.0525846,0.50426,-0.0643608,0,0,0,2,0,0,1,8,
2240020,-0.0523696,0.503848,-0.0645758,0,0,0,2,0,0,1,8,
2240060,-0.0522218,0.503596,-0.0647236,0,0,0,2,0,0,1,8,
2240100,-0.0521412,0.503458,-0.0648042,0,0,0,2,0,0,1,8,
2240140,-0.0521008,0.503436,-0.0648446,0,0,0,2,0,0,1,8,
2240180,-0.0520872,0.503459,-0.0648582,0,0,0,2,0,0,1,8,
2240220,-0.0520872,0.503459,-0.0648582,0,0,0,2,0,0,1,8,
2240260,-0.0520469,0.50339,-0.0648985,0,0,0,2,0,0,1,8,
2240300,-0.0519797,0.503276,-0.0649657,0,0,0,2,0,0,1,8,
2240340,-0.0518992,0.503138,-0.0650463,0,0,0,2,0,0,1,8,
2240380,-0.0518106,0.50306,-0.0650919,0,0,0,2,0,0,1,8,
2240420,-0.0517462,0.502987,-0.0651349,0,0,0,2,0,0,1,8,
2240460,-0.0516925,0.502896,-0.0651886,0,0,0,2,0,0,1,8,
2240500,-0.0516254,0.502781,-0.0652558,0,0,0,2,0,0,1,8,
2240540,-0.0515046,0.502575,-0.0653765,0,0,0,2,0,0,1,8,
2240580,-0.0513194,0.502296,-0.0655403,0,0,0,2,0,0,1,8,
2240620,-0.0511613,0.502017,-0.065677,0,0,0,2,0,0,1,8,
2240660,-0.0510138,0.501765,-0.0658245,0,0,0,2,0,0,1,8,
2240702,-0.0509605,0.501582,-0.0658779,0,0,0,2,0,0,1,8,
2240740,-0.0509635,0.501531,-0.0658534,0,0,0,2,0,0,1,8,
2240781,-0.0509903,0.501577,-0.0658266,0,0,0,2,0,0,1,8,
2240820,-0.0510976,0.50176,-0.0657193,0,0,0,2,0,0,1,8,
2240860,-0.0512323,0.501804,-0.0655846,0,0,0,2,0,0,1,8,
2240900,-0.0513947,0.501619,-0.0654221,0,0,0,2,0,0,1,8,
2240940,-0.0516521,0.501272,-0.0651648,0,0,0,2,0,0,1,8,
2240980,-0.0520317,0.500579,-0.0647851,0,0,0,2,0,0,1,8,
2241022,-0.0523168,0.499864,-0.0645001,0,0,0,2,0,0,1,8,
2241060,-0.0524539,0.499036,-0.064363,0,0,0,2,0,0,1,8,
2241100,-0.0526061,0.497726,-0.0641037,0,0,0,2,0,0,1,8,
2241141,-0.0528159,0.495952,-0.0637654,0,0,0,2,0,0,1,8,
2241180,-0.0530449,0.493691,-0.0634721,0,0,0,2,0,0,1,8,
2241220,-0.0532022,0.490824,-0.0632934,0,0,0,2,0,0,1,8,
2241260,-0.0533846,0.487326,-0.063111,0,0,0,2,0,0,1,8,
2241301,-0.0536422,0.483917,-0.0628715,0,0,0,2,0,0,1,8,
2241342,-0.0538453,0.481391,-0.0626898,0,0,0,2,0,0,1,8,
2241380,-0.054088,0.480251,-0.0624471,0,0,0,2,0,0,1,8,
2241420,-0.0542459,0.480073,-0.0623106,0,0,0,2,0,0,1,8,
2241460,-0.0545068,0.48049,-0.0620925,0,0,0,2,0,0,1,8,
2241500,-0.0548585,0.481026,-0.0618051,0,0,0,2,0,0,1,8,
2241540,-0.055149,0.481485,-0.061536,0,0,0,2,0,0,1,8,
2241580,-0.0552717,0.481685,-0.0613919,0,0,0,2,0,0,1,8,
2241621,-0.0552717,0.481685,-0.0613919,0,0,0,2,0,0,1,8,
2241660,-0.055261,0.481703,-0.0613812,0,0,0,2,0,0,1,8,
2241700,-0.0552609,0.481748,-0.0613813,0,0,0,2,0,0,1,8,
2241740,-0.0553137,0.482249,-0.0613285,0,0,0,2,0,0,1,8,
2241780,-0.055339,0.483206,-0.0613032,0,0,0,2,0,0,1,8,
2241821,-0.0552545,0.484351,-0.0614091,0,0,0,2,0,0,1,8,
2241860,-0.0550657,0.485356,-0.0615979,0,0,0,2,0,0,1,8,
2241900,-0.0547727,0.486083,-0.0618695,0,0,0,2,0,0,1,8,
2241940,-0.0544386,0.485742,-0.0622036,0,0,0,2,0,0,1,8,
2241980,-0.0541761,0.483007,-0.0624661,0,0,0,2,0,0,1,8,
2242020,-0.0530896,0.475491,-0.0635886,0,0,0,2,0,0,1,8,
2242060,-0.0491451,0.462664,-0.067894,0,0,0,2,0,0,1,8,
2242100,-0.0449626,0.444126,-0.072498,0,0,0,2,0,0,1,8,
2242141,-0.0435491,0.420484,-0.0749329,0,0,0,2,0,0,1,8,
2242180,-0.0412128,0.391585,-0.0785588,0,0,0,2,0,0,1,8,
2242220,-0.0384646,0.357944,-0.0822704,0,0,0,2,0,0,1,8,
2242260,-0.0352207,0.323714,-0.0858919,0,0,0,2,0,0,1,8,
2242300,-0.0314901,0.292454,-0.0890399,0,0,0,2,0,0,1,8,
2242340,-0.0272392,0.263581,-0.0929623,0,0,0,2,0,0,1,8,
2242380,-0.0236814,0.237875,-0.0967149,0,0,0,2,0,0,1,8,
2242420,-0.0202894,0.21402,-0.0993038,0,0,0,2,0,0,1,8,
2242460,-0.0163509,0.189632,-0.102044,0,0,0,2,0,0,1,8,
2242500,-0.0124725,0.164989,-0.104025,0,0,0,2,0,0,1,8,
2242540,-0.00816253,0.140314,-0.105578,0,0,0,2,0,0,1,8,
2242581,-0.00430642,0.116406,-0.108375,0,0,0,2,0,0,1,8,
2242620,-0.00113205,0.0943287,-0.109433,0,0,0,2,0,0,1,8,
2242660,0.00200924,0.0723461,-0.109616,0,0,0,2,0,0,1,8,
2242700,0.00558329,0.0496361,-0.110367,0,0,0,2,0,0,1,8,
2242740,0.00943649,0.0269592,-0.111331,0,0,0,2,0,0,1,8,
2242780,0.0144005,0.00463202,-0.112694,0,0,0,2,0,0,1,8,
2242820,0.0202631,-0.0177614,-0.11503,0,0,0,2,0,0,1,8,
2242860,0.0272948,-0.03836,-0.117969,0,0,0,2,0,0,1,8,
2242902,0.0347071,-0.0572204,-0.121848,0,0,0,2,0,0,1,8,
2242940,0.0405961,-0.0739254,-0.124667,0,0,0,2,0,0,1,8,
2242980,0.0458368,-0.0895026,-0.126548,0,0,0,2,0,0,1,8,
2243020,0.0493629,-0.104478,-0.12905,0,0,0,2,0,0,1,8,
2243060,0.0510297,-0.118033,-0.131274,0,0,0,2,0,0,1,8,
2243100,0.0504417,-0.131159,-0.133783,0,0,0,2,0,0,1,8,
2243140,0.0487437,-0.14439,-0.136778,0,0,0,2,0,0,1,8,
2243180,0.0477428,-0.155934,-0.1395,0,0,0,2,0,0,1,8,
2243221,0.0471596,-0.16691,-0.142041,0,0,0,2,0,0,1,8,
2243260,0.0457635,-0.17863,-0.145242,0,0,0,2,0,0,1,8,
2243300,0.0448848,-0.190866,-0.149048,0,0,0,2,0,0,1,8,
2243340,0.0450513,-0.203036,-0.15301,0,0,0,2,0,0,1,8,
2243380,0.0465043,-0.215445,-0.15773,0,0,0,2,0,0,1,8,
2243420,0.049395,-0.228805,-0.162069,0,0,0,2,0,0,1,8,
2243461,0.0541924,-0.243346,-0.167394,0,0,0,2,0,0,1,8,
2243500,0.052175,-0.246273,-0.172292,0,0,0,2,0,0,1,8,
2243540,0.0530125,-0.247803,-0.173167,0,0,0,2,0,0,1,8,
2243581,0.0537755,-0.248023,-0.173276,0,0,0,2,0,0,1,8,
2243620,0.0548987,-0.246873,-0.172335,0,0,0,2,0,0,1,8,
2243660,0.0548804,-0.24038,-0.167524,0,0,0,2,0,0,1,8,
2243700,0.0512076,-0.224324,-0.159372,0,0,0,2,0,0,1,8,
2243741,0.0466176,-0.209138,-0.153071,0,0,0,2,0,0,1,8,
2243780,0.0407126,-0.195987,-0.148182,0,0,0,2,0,0,1,8,
2243820,0.0346687,-0.189681,-0.144329,0,0,0,2,0,0,1,8,
2243860,0.029819,-0.193712,-0.141561,0,0,0,2,0,0,1,8,
2243900,0.0281196,-0.209916,-0.139799,0,0,0,2,0,0,1,8,
2243940,0.0323149,-0.236844,-0.138924,0,0,0,2,0,0,1,8,
2243980,0.0414427,-0.258215,-0.137214,0,0,0,2,0,0,1,8,
2244020,0.0342249,-0.248306,-0.143827,0,0,0,2,0,0,1,8,
2244060,0.0344053,-0.249469,-0.1422,0,0,0,2,0,0,1,8,
2244100,0.0341698,-0.248885,-0.142101,0,0,0,2,0,0,1,8,
2244140,0.0340816,-0.248507,-0.141855,0,0,0,2,0,0,1,8,
2244180,0.0347104,-0.246734,-0.141422,0,0,0,2,0,0,1,8,
2244220,0.0348767,-0.232443,-0.139634,0,0,0,2,0,0,1,8,
2244260,0.0291674,-0.204105,-0.137015,0,0,0,2,0,0,1,8,
2244300,0.0206305,-0.166637,-0.133776,0,0,0,2,0,0,1,8,
2244340,0.0123204,-0.120942,-0.128779,0,0,0,2,0,0,1,8,
2244380,0.00394492,-0.0676992,-0.121788,0,0,0,2,0,0,1,8,
2244420,-0.00412864,-0.00992941,-0.112592,0,0,0,2,0,0,1,8,
2244461,-0.0129668,0.0507417,-0.0987923,0,0,0,2,0,0,1,8,
2244500,-0.0232762,0.111735,-0.0849709,0,0,0,2,0,0,1,8,
2244540,-0.0354863,0.173594,-0.0745593,0,0,0,2,0,0,1,8,
2244580,-0.0463263,0.233731,-0.0670812,0,0,0,2,0,0,1,8,
2244620,-0.0549222,0.290878,-0.061706,0,0,0,2,0,0,1,8,
2244660,-0.0605929,0.343496,-0.0573005,0,0,0,2,0,0,1,8,
2244700,-0.0628477,0.392736,-0.0541905,0,0,0,2,0,0,1,8,
2244740,-0.0624856,0.434584,-0.0518288,0,0,0,2,0,0,1,8,
2244781,-0.0606187,0.470021,-0.0518101,0,0,0,2,0,0,1,8,
2244820,-0.057678,0.501124,-0.0536026,0,0,0,2,0,0,1,8,
2244860,-0.0559253,0.526404,-0.0548059,0,0,0,2,0,0,1,8,
2244900,-0.0559844,0.544179,-0.053589,0,0,0,2,0,0,1,8,
2244940,-0.0564007,0.55776,-0.051135,0,0,0,2,0,0,1,8,
2244980,-0.056811,0.567201,-0.0468174,0,0,0,2,0,0,1,8,
2245020,-0.0575481,0.572283,-0.0411702,0,0,0,2,0,0,1,8,
2245060,-0.0588894,0.573406,-0.0365323,0,0,0,2,0,0,1,8,
2245101,-0.0603252,0.570776,-0.0325908,0,0,0,2,0,0,1,8,
2245140,-0.0622438,0.564955,-0.0292785,0,0,0,2,0,0,1,8,
2245180,-0.0634807,0.557405,-0.0267578,0,0,0,2,0,0,1,8,
2245220,-0.0642582,0.548929,-0.0251178,0,0,0,2,0,0,1,8,
2245260,-0.0645718,0.540917,-0.0241506,0,0,0,2,0,0,1,8,
2245301,-0.0647086,0.533546,-0.023632,0,0,0,2,0,0,1,8,
2245340,-0.0646418,0.526985,-0.0235515,0,0,0,2,0,0,1,8,
2245380,-0.0645968,0.520658,-0.0235703,0,0,0,2,0,0,1,8,
2245421,-0.0646223,0.514372,-0.0237695,0,0,0,2,0,0,1,8,
2245460,-0.0646026,0.508245,-0.0240298,0,0,0,2,0,0,1,8,
2245500,-0.0642057,0.503884,-0.0245536,0,0,0,2,0,0,1,8,
2245540,-0.0634094,0.501909,-0.0253053,0,0,0,2,0,0,1,8,
2245580,-0.0631058,0.501356,-0.0257409,0,0,0,2,0,0,1,8,
2245620,-0.062922,0.501949,-0.0259247,0,0,0,2,0,0,1,8,
2245660,-0.0628011,0.503602,-0.0260457,0,0,0,2,0,0,1,8,
2245700,-0.0628038,0.505341,-0.0260455,0,0,0,2,0,0,1,8,
2245740,-0.0627685,0.507053,-0.0260623,0,0,0,2,0,0,1,8,
2245780,-0.0625043,0.508922,-0.0263079,0,0,0,2,0,0,1,8,
2245820,-0.0622612,0.510647,-0.026551,0,0,0,2,0,0,1,8,
2245860,-0.0624914,0.511488,-0.0263866,0,0,0,2,0,0,1,8,
2245900,-0.0628703,0.511873,-0.0261341,0,0,0,2,0,0,1,8,
2245940,-1.11659e-005,0.000591443,1.11659e-005,0,0,0,2,0,0,1,8,
2245981,8.95968e-005,0.00110684,-8.95968e-005,0,0,0,2,0,0,1,8,
2246021,0.000156766,0.000877738,-8.95987e-005,0,0,0,2,1,0,1,8,
2246061,0.000447813,0.000343611,-0.000291118,0,0,0,2,1,0,1,8,
2246100,0.00086162,-0.000400011,-0.000704925,0,0,0,2,1,0,1,8,
2246140,0.00126357,-0.00154316,-0.00110688,0,0,0,2,1,0,1,8,
2246180,0.00188826,-0.00268442,-0.00161969,0,0,0,2,1,0,1,8,
2246220,0.0025012,-0.00361479,-0.00218784,0,0,0,2,1,0,1,8,
2246261,0.0030127,-0.00467736,-0.00274405,0,0,0,2,1,0,1,8,
2246301,0.00374589,-0.00596537,-0.00349969,0,0,0,2,1,0,1,8,
2246341,0.00465516,-0.00747714,-0.00443132,0,0,0,2,1,0,1,8,
2246380,0.00543228,-0.00956511,-0.00681987,0,0,0,2,1,0,1,8,
2246420,0.00618271,-0.0115714,-0.0119332,0,0,0,2,1,0,1,8,
2246460,0.00709064,-0.0135431,-0.0172919,0,0,0,2,1,0,1,8,
2246500,0.0083805,-0.0163597,-0.0228985,0,0,0,2,1,0,1,8,
2246540,0.00825827,-0.0198501,-0.0284993,0,0,0,2,1,0,1,8,
2246580,0.00696678,-0.0239755,-0.0333085,0,0,0,2,1,0,1,8,
2246620,0.00543666,-0.0272867,-0.0378542,0,0,0,2,1,0,1,8,
2246661,0.00415204,-0.0292549,-0.0415499,0,0,0,2,1,0,1,8,
2246700,0.00390989,-0.0303217,-0.0429847,0,0,0,2,1,0,1,8,
2246740,0.0041075,-0.0303848,-0.0429549,0,0,0,2,1,0,1,8,
2246780,0.00403253,-0.0297891,-0.0425392,0,0,0,2,1,0,1,8,
2246820,0.00370312,-0.0291887,-0.042187,0,0,0,2,1,0,1,8,
2246861,0.00363013,-0.02964,-0.0421368,0,0,0,2,1,0,1,8,
2246900,0.00328757,-0.0341088,-0.041685,0,0,0,2,1,0,1,8,
2246940,0.00238153,-0.0456239,-0.0407659,0,0,0,2,1,0,1,8,
2246982,-0.000114668,-0.0668116,-0.0399618,0,0,0,2,1,0,1,8,
2247020,-0.00382198,-0.0967722,-0.0406178,0,0,0,2,1,0,1,8,
2247060,-0.00666116,-0.135137,-0.0415595,0,0,0,2,1,0,1,8,
2247100,-0.00739647,-0.176717,-0.0419893,0,0,0,2,1,0,1,8,
2247140,-0.00678091,-0.221252,-0.0416278,0,0,0,2,1,0,1,8,
2247180,-0.00476582,-0.263657,-0.0424669,0,0,0,2,1,0,1,8,
2247220,-0.00249325,-0.30377,-0.0436894,0,0,0,2,1,0,1,8,
2247261,-0.000866341,-0.344182,-0.0446514,0,0,0,2,1,0,1,8,
2247300,0.000722982,-0.383066,-0.0466904,0,0,0,2,1,0,1,8,
2247340,0.0026177,-0.422482,-0.0489654,0,11.7387,0,2,1,0,1,8,
2247381,-8.38439e-006,-0.440983,-0.0519683,0,68.7907,0,2,1,0,1,8,
2247420,-0.0090273,-0.425697,-0.0412372,0,81.9306,0,2,1,0,1,8,
2247460,-0.025475,-0.365277,-0.0190258,0,14.3891,0,2,1,0,1,8,
2247500,-0.0328427,-0.335781,-0.00402795,0,0,0,2,1,0,1,8,
2247540,-0.0322523,-0.34917,0.0018678,0,0,0,2,1,0,1,8,
2247580,-0.0323607,-0.382071,0.00946783,0,0,0,2,1,0,1,8,
2247621,-0.0300667,-0.421165,0.013859,0,10.4419,0,2,1,0,1,8,
2247660,-0.0301405,-0.406798,0.0146529,0,42.851,0,2,1,0,1,8,
2247701,-0.0307104,-0.362838,0.0102051,0,1.45732,0,2,1,0,1,8,
2247741,-0.0315848,-0.344111,0.00485815,0,0,0,2,1,0,1,8,
2247780,-0.0317404,-0.3439,0.00389822,0,0,0,2,1,0,1,8,
2247820,-0.0318511,-0.350883,0.00181379,0,0,0,2,1,0,1,8,
2247860,-0.0282553,-0.364514,-0.00012449,0,0,0,2,1,0,1,8,
2247900,-0.0298808,-0.368964,0.00290877,0,0,0,2,1,0,1,8,
2247940,-0.0347132,-0.357301,0.00751531,0,0,0,2,1,0,1,8,
2247980,-0.0344756,-0.350016,0.00829926,0,0,0,2,1,0,1,8,
2248020,-0.0319518,-0.346371,0.00788599,0,0,0,2,1,0,1,8,
2248061,-0.0318327,-0.34956,0.00701135,0,0,0,2,1,0,1,8,
2248100,-0.0283236,-0.359858,0.00613958,0,0,0,2,1,0,1,8,
2248140,-0.0224949,-0.375727,0.00504531,0,0,0,2,1,0,1,8,
2248180,-0.0175303,-0.394546,0.00209158,0,0,0,2,1,0,1,8,
2248221,-0.0109834,-0.414886,0.000336623,0,8.97239,0,2,1,0,1,8,
2248261,-0.00817831,-0.406739,-0.00270129,0,30.6855,0,2,1,0,1,8,
2248300,-0.00490779,-0.380909,-0.00622587,0,1.80843,0,2,1,0,1,8,
2248340,-0.00455522,-0.368746,-0.0103367,0,0,0,2,1,0,1,8,
2248380,-0.000561462,-0.386694,-0.0107408,0,0,0,2,1,0,1,8,
2248420,0.00397096,-0.411103,-0.01253,0,4.03259,0,2,1,0,1,8,
2248460,0.00684754,-0.409353,-0.00916253,0,27.4858,0,2,1,0,1,8,
2248500,0.0074153,-0.409568,-0.00417429,0,11.3826,0,2,1,0,1,8,
2248541,0.00806133,-0.426376,-0.00833105,0,35.3683,0,2,1,0,1,8,
2248580,0.0107043,-0.437009,-0.0102612,0,68.2134,0,2,1,0,1,8,
2248620,0.0129534,-0.439569,-0.0111549,0,82.8866,0,2,1,0,1,8,
2248660,0.0139235,-0.429957,-0.0105126,0,78.9447,0,2,1,0,1,8,
2248700,0.0152257,-0.409706,-0.00665614,0,41.8515,0,2,1,0,1,8,
2248740,0.0239335,-0.42131,-0.000497304,0,23.7369,0,2,1,0,1,8,
2248780,0.0352057,-0.43811,0.000170413,0,66.6074,0,2,1,0,1,8,
2248820,0.0311994,-0.432689,-0.00441413,0,79.1406,0,2,1,0,1,8,
2248861,0.0226362,-0.419004,-0.00897811,0,56.3894,0,2,1,0,1,8,
2248900,0.0149268,-0.407741,-0.0143187,0,27.7416,0,2,1,0,1,8,
2248940,0.0103866,-0.40779,-0.0197043,0,11.3139,0,2,1,0,1,8,
2248980,0.00987376,-0.423325,-0.0292634,0,29.1494,0,2,1,0,1,8,
2249020,0.00851013,-0.431896,-0.0399857,0,61.0468,0,2,1,0,1,8,
2249061,0.00190344,-0.422953,-0.044557,0,61.3045,0,2,1,0,1,8,
2249100,-0.00139029,-0.416055,-0.0463323,0,38.5956,0,2,1,0,1,8,
2249141,0.00563021,-0.426148,-0.0474813,0,41.0905,0,2,1,0,1,8,
2249180,0.0144648,-0.434518,-0.0491233,0,65.7635,0,2,1,0,1,8,
2249220,0.0160477,-0.431616,-0.0492364,0,72.5629,0,2,1,0,1,8,
2249261,0.0185072,-0.42114,-0.0449719,0,57.9326,0,2,1,0,1,8,
2249300,0.0247674,-0.407761,-0.0384413,0,31.0721,0,2,1,0,1,8,
2249340,0.0326341,-0.393299,-0.0330939,0,4.35784,0,2,1,0,1,8,
2249380,0.0389288,-0.374371,-0.0295352,0,0,0,2,1,0,1,8,
2249420,0.0407397,-0.352553,-0.0302077,0,0,0,2,1,0,1,8,
2249461,0.0352522,-0.327807,-0.041415,0,0,0,2,1,0,1,8,
2249501,0.0224162,-0.308572,-0.0684936,0,0,0,2,1,0,1,8,
2249541,0.00649085,-0.296714,-0.111524,0,0,0,2,1,0,1,8,
2249581,-0.00524032,-0.289317,-0.160002,0,0,0,2,1,0,1,8,
2249620,-0.0110078,-0.281879,-0.205756,0,0,0,2,1,0,1,8,
2249660,-0.0127772,-0.27294,-0.242534,0,0,0,2,1,0,1,8,
2249700,-0.0142444,-0.263119,-0.272945,0,0,0,2,1,0,1,8,
2249740,-0.0156117,-0.255162,-0.299607,0,0,0,2,1,0,1,8,
2249781,-0.016729,-0.251877,-0.322759,0,0,0,2,1,0,1,8,
2249820,-0.0154684,-0.251676,-0.342732,0,0,0,2,1,0,1,8,
2249860,-0.0133904,-0.253066,-0.364645,0,0,0,2,1,0,1,8,
2249900,-0.0114883,-0.25647,-0.388262,0,0,0,2,1,0,1,8,
2249940,-0.0103089,-0.26249,-0.416692,0,0,0,2,1,0,1,8,
2249980,-0.0106772,-0.26978,-0.448332,0,0,0,2,1,0,1,8,
2250020,-0.0118845,-0.278324,-0.482339,0,0,0,2,1,0,1,8,
2250060,-0.0115552,-0.284,-0.515751,0,0,0,2,1,0,1,8,
2250101,-0.0110403,-0.288378,-0.547573,0,0,0,2,1,0,1,8,
2250140,-0.0098784,-0.291294,-0.575756,0,0,0,2,1,0,1,8,
2250180,-0.00841419,-0.295172,-0.602407,6.09824,4.22279,8.22421,2,1,0,1,8,
2250221,0.0065976,-0.31877,-0.639961,36.0062,21.3177,38.6475,2,1,0,1,8,
2250261,0.0342047,-0.361558,-0.68688,85.4926,17.7332,47.8995,2,1,0,1,8,
2250301,0.0540273,-0.391714,-0.720464,83.1754,-3.86979,19.6664,2,1,0,1,8,
2250340,0.0626072,-0.40218,-0.738626,48.574,-7.79585,3.37773,2,1,0,1,8,
2250380,0.0652524,-0.403317,-0.750547,27.4057,-1.32277,0.037846,2,1,0,1,8,
2250421,0.0669589,-0.403881,-0.762345,10.4789,3.63846,-0.451942,2,1,0,1,8,
2250460,0.066778,-0.404687,-0.774289,0.217714,7.29665,-0.0164482,2,1,0,1,8,
2250500,0.0659076,-0.406039,-0.787877,0,9.22889,0,2,1,0,1,8,
2250540,0.0653729,-0.406889,-0.801069,0,12.1443,0,2,1,0,1,8,
2250580,0.0651855,-0.407231,-0.811198,0,13.4233,0,2,1,0,1,8,
2250620,0.0649744,-0.407414,-0.819546,0,13.9176,0,2,1,0,1,8,
2250660,0.0642752,-0.40808,-0.827719,0,14.6708,0,2,1,0,1,8,
2250700,0.0631689,-0.409794,-0.836369,0,17.2726,0,2,1,0,1,8,
2250741,0.0623724,-0.410955,-0.846873,0,20.6023,0,2,1,0,1,8,
2250780,0.0613795,-0.412562,-0.858676,0,23.5372,4.55333,2,1,0,1,8,
2250820,0.0618718,-0.414318,-0.869912,0,27.0604,28.1652,2,1,0,1,8,
2250860,0.0666621,-0.421086,-0.886225,0,35.3254,56.9245,2,1,0,1,8,
2250900,0.0662941,-0.417876,-0.896903,0,43.6395,90.0993,2,1,0,1,8,
2250940,0.0587772,-0.400469,-0.897985,0,22.5146,103.525,2,1,0,1,8,
2250980,0.043539,-0.366804,-0.89072,0,0,97.5724,2,1,0,1,8,
2251020,0.0199556,-0.318391,-0.874668,0,0,73.2383,2,1,0,1,8,
2251060,-0.0119464,-0.258108,-0.849755,0,0,28.2294,2,1,0,1,8,
2251100,-0.0230472,-0.234166,-0.844952,0,0,0,2,1,0,1,8,
2251140,-0.0212096,-0.235754,-0.85475,0,0,1.10103,2,1,0,1,8,
2251180,-0.0198789,-0.236678,-0.863349,0,0,17.6896,2,1,0,1,8,
2251220,-0.0195525,-0.238316,-0.866714,0,0,30.5709,2,1,0,1,8,
2251260,-0.0187839,-0.239156,-0.869866,0,0,37.6046,2,1,0,1,8,
2251300,-0.0237134,-0.227845,-0.867929,0,0,44.3661,2,1,0,1,8,
2251341,-0.0636108,-0.157501,-0.830567,0,0,10.895,2,1,0,1,8,
2251380,-0.068586,-0.149047,-0.828596,0,0,0,2,1,0,1,8,
2251420,-0.068885,-0.150132,-0.831313,0,0,0,2,1,0,1,8,
2251461,-0.0699874,-0.151327,-0.833306,0,0,0,2,1,0,1,8,
2251500,-0.0720685,-0.153692,-0.833627,0,0,0,2,1,0,1,8,
2251540,-0.0740234,-0.156193,-0.834069,0,0,0,2,1,0,1,8,
2251580,-0.0753726,-0.157733,-0.834212,0,0,0,2,1,0,1,8,
2251621,-0.0762404,-0.158674,-0.833905,0,0,0,2,1,0,1,8,
2251660,-0.0763792,-0.158943,-0.833993,0,0,0,2,1,0,1,8,
2251701,-0.0763044,-0.159016,-0.834027,0,0,0,2,1,0,1,8,
2251740,-0.0755676,-0.157565,-0.833101,0,0,0,2,1,0,1,8,
2251780,-0.0747022,-0.155042,-0.830518,0,0,0,2,1,0,1,8,
2251820,-0.0747211,-0.152908,-0.825404,0,0,0,2,1,0,1,8,
2251860,-0.0758672,-0.150752,-0.817531,0,0,0,2,1,0,1,8,
2251900,-0.0808432,-0.149673,-0.801355,0,0,0,2,1,0,1,8,
2251941,-0.0899223,-0.148561,-0.772512,10.4055,3.3688,-5.83622,2,1,0,1,8,
2251980,-0.100282,-0.148387,-0.732263,53.1593,18.7821,-17.8417,2,1,0,1,8,
2252021,-0.109503,-0.141758,-0.681188,78.3514,30.8579,2.11469,2,1,0,1,8,
2252060,-0.16367,-0.0547867,-0.573443,27.8247,17.4012,14.237,2,1,0,1,8,
2252100,-0.190088,-0.00534527,-0.487116,0,0,0,2,1,0,1,8,
2252140,-0.183185,-0.0164689,-0.43384,0,0,0,2,1,0,1,8,
2252180,-0.1717,-0.031031,-0.383737,0,0,0,2,1,0,1,8,
2252220,-0.156089,-0.049552,-0.335999,0,0,0,2,1,0,1,8,
2252260,-0.133453,-0.0691887,-0.289446,0,0,0,2,1,0,1,8,
2252301,-0.106454,-0.0916827,-0.246148,0,0,0,2,1,0,1,8,
2252340,-0.0766376,-0.116472,-0.206269,0,0,0,2,1,0,1,8,
2252380,-0.0429871,-0.144239,-0.168479,0,0,0,2,1,0,1,8,
2252420,-0.00803596,-0.17288,-0.131379,0,0,0,2,1,0,1,8,
2252460,0.0270683,-0.203142,-0.0968807,0,0,0,2,1,0,1,8,
2252501,0.0612067,-0.23656,-0.0629544,0,0,0,2,1,0,1,8,
2252540,0.0941786,-0.273926,-0.0325936,0,0,0,2,1,0,1,8,
2252580,0.124387,-0.31551,-0.00446543,0,0,0,2,1,0,1,8,
2252621,0.153326,-0.359512,0.0222168,0,0,0,2,1,0,1,8,
2252660,0.178279,-0.404899,0.0472792,-12.5229,-2.032,-9.10681,2,1,0,1,8,
2252700,0.165301,-0.496571,0.105564,-23.6969,88.5321,-14.0502,2,1,0,1,8,
2252740,0.137627,-0.582621,0.146484,0,297.497,0,2,1,0,1,8,
2252780,0.089514,-0.607189,0.201486,0,443.295,0,2,1,0,1,8,
2252820,0.0286596,-0.574205,0.269095,0,426.715,0,2,1,0,1,8,
2252860,-0.00561224,-0.550814,0.309169,0,345.092,0,2,1,0,1,8,
2252900,0.000173499,-0.559872,0.30501,0,344.23,0,2,1,0,1,8,
2252941,0.0135508,-0.545834,0.291469,0,339.685,0,2,1,0,1,8,
2252980,0.0353729,-0.509911,0.271032,0,287.619,0,2,1,0,1,8,
2253020,0.0662976,-0.452587,0.241203,0,186.102,0,2,1,0,1,8,
2253060,0.106741,-0.383673,0.20482,0,47.748,0,2,1,0,1,8,
2253100,0.138678,-0.327567,0.180877,0,0,0,2,1,0,1,8,
2253140,0.146501,-0.299892,0.17346,0,0,0,2,1,0,1,8,
2253180,0.137311,-0.289126,0.174926,0,0,0,2,1,0,1,8,
2253220,0.122331,-0.27475,0.17143,0,0,0,2,1,0,1,8,
2253260,0.106494,-0.261619,0.167015,0,0,0,2,1,0,1,8,
2253300,0.0892242,-0.248742,0.163159,0,0,0,2,1,0,1,8,
2253340,0.0775426,-0.242138,0.160586,0,0,0,2,1,0,1,8,
2253380,0.0767324,-0.243198,0.163268,0,0,0,2,1,0,1,8,
2253420,0.0834829,-0.248966,0.169922,0,0,0,2,1,0,1,8,
2253460,0.0948161,-0.258598,0.178244,0,0,0,2,1,0,1,8,
2253500,0.108637,-0.269701,0.187343,0,0,0,2,1,0,1,8,
2253540,0.124998,-0.283476,0.197962,0,0,0,2,1,0,1,8,
2253581,0.141693,-0.298499,0.207839,0,0,0,2,1,0,1,8,
2253621,0.158706,-0.314752,0.216595,0,0,0,2,1,0,1,8,
2253661,0.175371,-0.330448,0.22469,0,0,0,2,1,0,1,8,
2253700,0.191183,-0.345168,0.232081,0,0,0,2,1,0,1,8,
2253740,0.206996,-0.359448,0.239381,0,0,0,2,1,0,1,8,
2253781,0.22232,-0.373961,0.24606,-2.11446,-0.0507497,1.18848,2,1,0,1,8,
2253821,0.238727,-0.389634,0.254388,-14.2045,-1.37233,8.95698,2,1,0,1,8,
2253860,0.256848,-0.408326,0.26533,-20.762,-2.35037,15.5881,2,1,0,1,8,
2253900,0.277157,-0.429837,0.280648,-16.8769,29.8844,15.558,2,1,0,1,8,
2253940,0.295354,-0.447752,0.296536,-3.88903,78.2776,4.44584,2,1,0,1,8,
2253980,0.30907,-0.464902,0.305706,0,120.122,0,2,1,0,1,8,
2254020,0.319253,-0.479598,0.310834,0,155.81,0,2,1,0,1,8,
2254060,0.325445,-0.487966,0.312283,0,182.619,0,2,1,0,1,8,
2254100,0.327879,-0.490503,0.311521,0,194.475,0,2,1,0,1,8,
2254141,0.328935,-0.491643,0.311325,0,198.445,0,2,1,0,1,8,
2254181,0.328773,-0.490877,0.311534,0,198.858,0,2,1,0,1,8,
2254220,0.328026,-0.489417,0.312297,0,196.41,0,2,1,0,1,8,
2254260,0.326776,-0.48652,0.313613,0,191.927,0,2,1,0,1,8,
2254300,0.324515,-0.483246,0.314721,0,184.805,0,2,1,0,1,8,
2254340,0.322361,-0.481376,0.316973,0,178.829,0,2,1,0,1,8,
2254380,0.320209,-0.479934,0.3207,0,175.276,0,2,1,0,1,8,
2254420,0.318191,-0.47936,0.325802,0,172.91,0,2,1,0,1,8,
2254460,0.316106,-0.47943,0.330236,0,172.406,0,2,1,0,1,8,
2254501,0.314246,-0.479459,0.333753,0,172.456,0,2,1,0,1,8,
2254540,0.313204,-0.479636,0.336453,0,172.769,0,2,1,0,1,8,
2254580,0.312283,-0.479822,0.338232,0,173.212,0,2,1,0,1,8,
2254620,0.311325,-0.480229,0.33911,0,173.848,0,2,1,0,1,8,
2254660,0.310723,-0.480487,0.339834,0,174.55,0,2,1,0,1,8,
2254700,0.310517,-0.480733,0.340612,0,175.133,0,2,1,0,1,8,
2254740,0.310507,-0.480838,0.340954,0,175.537,0,2,1,0,1,8,
2254780,0.310624,-0.48096,0.340882,0,175.748,0,2,1,0,1,8,
2254821,0.310775,-0.481111,0.340761,0,176.073,0,2,1,0,1,8,
2254860,0.310871,-0.481094,0.340755,0,176.293,0,2,1,0,1,8,
2254900,0.310778,-0.48058,0.341089,0,175.816,0,2,1,0,1,8,
2254941,0.310277,-0.479532,0.342042,0,174.144,0,2,1,0,1,8,
2254980,0.309571,-0.477537,0.343453,0,170.895,0,2,1,0,1,8,
2255020,0.308753,-0.475367,0.344871,0,166.149,0,2,1,0,1,8,
2255060,0.307771,-0.473108,0.346647,0,161.466,0,2,1,0,1,8,
2255100,0.306615,-0.470144,0.348819,0,155.868,0,2,1,0,1,8,
2255140,0.30536,-0.467053,0.351146,0,148.961,0,2,1,0,1,8,
2255180,0.303985,-0.463835,0.353947,0,142.15,0,2,1,0,1,8,
2255221,0.302503,-0.460007,0.356864,-0.450221,133.078,-1.5476,2,1,0,1,8,
2255260,0.30085,-0.454952,0.359477,-2.22279,117.88,-7.18161,2,1,0,1,8,
2255300,0.306364,-0.437406,0.354654,-3.99103,96.2079,-12.9132,2,1,0,1,8,
2255340,0.347141,-0.362751,0.315485,-2.8312,20.273,-20.0862,2,1,0,1,8,
2255381,0.398914,-0.262958,0.263067,-2.35783,1.75395,2.52661,2,1,0,1,8,
2255421,0.432225,-0.1952,0.230853,-14.9203,4.51513,18.928,2,1,0,1,8,
2255460,0.446469,-0.170411,0.230998,-40.9575,5.38073,64.3912,2,1,0,1,8,
2255500,0.451922,-0.183466,0.257035,-21.3998,5.41421,45.2763,2,1,0,1,8,
2255540,0.450826,-0.186707,0.266253,-2.42712,0.173416,6.41104,2,1,0,1,8,
2255581,0.447726,-0.185519,0.266602,0,0,0,2,1,0,1,8,
2255620,0.445145,-0.18049,0.262625,0,0,0,2,1,0,1,8,
2255660,0.442401,-0.173513,0.256117,0,0,0,2,1,0,1,8,
2255701,0.436756,-0.16327,0.246984,-0.0494888,0.0186495,0.0995257,2,1,0,1,8,
2255741,0.430868,-0.153105,0.239149,-2.98561,1.38515,5.47438,2,1,0,1,8,
2255780,0.42601,-0.146988,0.236428,-5.53599,3.01149,9.23063,2,1,0,1,8,
2255820,0.420566,-0.143317,0.237095,-4.82135,2.80285,7.51417,2,1,0,1,8,
2255861,0.414481,-0.139159,0.237191,-2.42335,1.43215,3.52326,2,1,0,1,8,
2255901,0.408456,-0.134523,0.236579,-0.323865,0.195275,0.44045,2,1,0,1,8,
2255940,0.401431,-0.129045,0.235521,0,0,0,2,1,0,1,8,
2255980,0.392761,-0.121647,0.233061,0,0,0,2,1,0,1,8,
2256020,0.38012,-0.109897,0.228339,0,0,0,2,1,0,1,8,
2256062,0.362389,-0.0927212,0.220448,0,0,0,2,1,0,1,8,
2256100,0.340556,-0.0714058,0.210375,0,0,0,2,1,0,1,8,
2256140,0.312681,-0.0453997,0.197561,0,0,0,2,1,0,1,8,
2256180,0.279329,-0.0164555,0.181792,0,0,0,2,1,0,1,8,
2256220,0.240764,0.0147872,0.162983,0,0,0,2,1,0,1,8,
2256260,0.200069,0.0432322,0.142961,0,0,0,2,1,0,1,8,
2256300,0.161425,0.0666163,0.124295,0,0,0,2,1,0,1,8,
2256341,0.128161,0.0834369,0.10884,0,0,0,2,1,0,1,8,
2256381,0.108155,0.0929097,0.100633,0,0,0,2,1,0,1,8,
2256420,0.103365,0.0952954,0.099106,0,0,0,2,1,0,1,8,
2256460,0.109431,0.0921681,0.100305,0,0,0,2,1,0,1,8,
2256500,0.124215,0.0844052,0.101671,0,0,0,2,1,0,1,8,
2256541,0.146369,0.0724382,0.103722,0,0,0,2,1,0,1,8,
2256580,0.172538,0.057343,0.107263,0,0,0,2,1,0,1,8,
2256620,0.201703,0.0399908,0.11033,0,0,0,2,1,0,1,8,
2256660,0.231556,0.0212246,0.111694,0,0,0,2,1,0,1,8,
2256701,0.261524,0.00217268,0.112893,0,0,0,2,1,0,1,8,
2256740,0.290687,-0.017727,0.115689,0,0,0,2,1,0,1,8,
2256780,0.318025,-0.0376985,0.119138,0,0,0,2,1,0,1,8,
2256820,0.341458,-0.0549375,0.123207,0,0,0,2,1,0,1,8,
2256860,0.362297,-0.0735044,0.129878,0,0,0,2,1,0,1,8,
2256900,0.37952,-0.0867184,0.135459,-8.44278,17.0332,-11.0667,2,1,0,1,8,
2256941,0.402974,-0.0754759,0.125542,-11.4761,32.5019,-22.7845,2,1,0,1,8,
2256980,0.436047,-0.0514294,0.107612,-0.258869,1.85925,-1.35309,2,1,0,1,8,
2257020,0.447596,-0.0575401,0.109198,0,0,0,2,1,0,1,8,
2257060,0.454002,-0.0648574,0.111325,0,0,0,2,1,0,1,8,
2257100,0.45738,-0.0685925,0.110681,0,0,0,2,1,0,1,8,
2257141,0.458899,-0.0698863,0.110075,0,0,0,2,1,0,1,8,
2257180,0.458067,-0.0692119,0.109439,0,0,0,2,1,0,1,8,
2257220,0.453183,-0.0643098,0.107189,0,0,0,2,1,0,1,8,
2257260,0.444356,-0.0555107,0.103737,0,0,0,2,1,0,1,8,
2257300,0.431392,-0.0432429,0.0992041,0,0,0,2,1,0,1,8,
2257340,0.414308,-0.026786,0.09294,0,0,0,2,1,0,1,8,
2257380,0.392402,-0.00728188,0.0859205,0,0,0,2,1,0,1,8,
2257420,0.368281,0.0131726,0.0804623,0,0,0,2,1,0,1,8,
2257460,0.343436,0.0313134,0.0758019,0,0,0,2,1,0,1,8,
2257500,0.320749,0.0473112,0.0702061,0,0,0,2,1,0,1,8,
2257541,0.302354,0.0584111,0.0647704,0,0,0,2,1,0,1,8,
2257580,0.289163,0.0649396,0.0597232,0,0,0,2,1,0,1,8,
2257620,0.2812,0.0675349,0.0567637,0,0,0,2,1,0,1,8,
2257660,0.277366,0.0679128,0.0552477,0,0,0,2,1,0,1,8,
2257700,0.276888,0.0675952,0.0551346,0,0,0,2,1,0,1,8,
2257740,0.279301,0.0672915,0.0543638,0,0,0,2,1,0,1,8,
2257780,0.285016,0.0661357,0.0536775,0,0,0,2,1,0,1,8,
2257820,0.294099,0.0636259,0.0536687,0,0,0,2,1,0,1,8,
2257860,0.305952,0.059414,0.0542343,0,0,0,2,1,0,1,8,
2257900,0.319345,0.0544619,0.0546371,0,0,0,2,1,0,1,8,
2257941,0.333234,0.0491735,0.0549989,0,0,0,2,1,0,1,8,
2257980,0.346285,0.0432473,0.0558115,0,0,0,2,1,0,1,8,
2258020,0.358352,0.0364927,0.0575192,0,0,0,2,1,0,1,8,
2258060,0.367855,0.0297936,0.0594811,0,0,0,2,1,0,1,8,
2258100,0.374394,0.0247468,0.0614162,0,0,0,2,1,0,1,8,
2258140,0.377994,0.0215088,0.0640614,0,0,0,2,1,0,1,8,
2258180,0.378246,0.020176,0.0657765,0,0,0,2,1,0,1,8,
2258220,0.37557,0.0214729,0.0667472,0,0,0,2,1,0,1,8,
2258261,0.369909,0.0245879,0.0674389,0,0,0,2,1,0,1,8,
2258300,0.360999,0.0290071,0.0676003,0,0,0,2,1,0,1,8,
2258341,0.348397,0.0354365,0.06728,0,0,0,2,1,0,1,8,
2258380,0.332348,0.0440654,0.066514,0,0,0,2,1,0,1,8,
2258420,0.313868,0.0532248,0.0662728,0,0,0,2,1,0,1,8,
2258460,0.291684,0.0641135,0.0642738,0,0,0,2,1,0,1,8,
2258500,0.266739,0.0753923,0.0612713,0,0,0,2,1,0,1,8,
2258540,0.239338,0.0864217,0.0568944,0,0,0,2,1,0,1,8,
2258581,0.209359,0.0972506,0.0503503,0,0,0,2,1,0,1,8,
2258620,0.178402,0.10731,0.0432321,0,0,0,2,1,0,1,8,
2258660,0.145284,0.114945,0.0363806,0,0,0,2,1,0,1,8,
2258700,0.110127,0.119993,0.0299333,0,0,0,2,1,0,1,8,
2258740,0.0742486,0.12431,0.0244875,0,0,0,2,1,0,1,8,
2258780,0.0388712,0.127825,0.0200261,0,0,0,2,1,0,1,8,
2258820,0.00395967,0.12929,0.015774,0,0,0,2,1,0,1,8,
2258860,-0.0310782,0.12837,0.0113431,0,0,0,2,1,0,1,8,
2258900,-0.0650391,0.124765,0.00661534,0,0,0,2,1,0,1,8,
2258941,-0.0991686,0.120385,0.00100434,0,0,0,2,1,0,1,8,
2258980,-0.131622,0.114567,-0.00376828,0,0,0,2,1,0,1,8,
2259020,-0.162292,0.107382,-0.00725511,0,0,0,2,1,0,1,8,
2259060,-0.190999,0.10305,-0.00817225,0,0,0,2,1,0,1,8,
2259100,-0.2177,0.096674,-0.00924857,0,0,0,2,1,0,1,8,
2259140,-0.242562,0.0894308,-0.0111658,0,0,0,2,1,0,1,8,
2259180,-0.262714,0.0823817,-0.0136116,0,0,0,2,1,0,1,8,
2259220,-0.275008,0.0759849,-0.0153846,0,0,0,2,1,0,1,8,
2259260,-0.279132,0.0725241,-0.0160407,0,0,0,2,1,0,1,8,
2259300,-0.275738,0.072143,-0.016916,0,0,0,2,1,0,1,8,
2259340,-0.264349,0.0754813,-0.0178832,0,0,0,2,1,0,1,8,
2259380,-0.244655,0.0829148,-0.0175775,0,0,0,2,1,0,1,8,
2259420,-0.216581,0.094347,-0.0161563,0,0,0,2,1,0,1,8,
2259460,-0.181339,0.108382,-0.0135276,0,0,0,2,1,0,1,8,
2259500,-0.141213,0.121372,-0.0112269,0,0,0,2,1,0,1,8,
2259540,-0.098253,0.131698,-0.00968884,0,0,0,2,1,0,1,8,
2259580,-0.0507807,0.139836,-0.00714063,0,0,0,2,1,0,1,8,
2259620,0.000387715,0.143999,-0.00297506,0,0,0,2,1,0,1,8,
2259660,0.0540581,0.143178,0.00459872,0,0,0,2,1,0,1,8,
2259700,0.109038,0.134154,0.0142295,0,0,0,2,1,0,1,8,
2259741,0.161299,0.118377,0.0277005,0,0,0,2,1,0,1,8,
2259781,0.209195,0.0985255,0.0426344,0,0,0,2,1,0,1,8,
2259821,0.251734,0.0753333,0.0577502,0,0,0,2,1,0,1,8,
2259860,0.287815,0.0516753,0.0719327,0,0,0,2,1,0,1,8,
2259900,0.31966,0.0296201,0.0849899,0,0,0,2,1,0,1,8,
2259940,0.345736,0.0107855,0.0959396,0,0,0,2,1,0,1,8,
2259980,0.365266,-0.00342593,0.103432,0,0,0,2,1,0,1,8,
2260020,0.37915,-0.0131728,0.107942,0,0,0,2,1,0,1,8,
2260060,0.387681,-0.0192599,0.110151,0,0,0,2,1,0,1,8,
2260100,0.390355,-0.0205174,0.109292,0,0,0,2,1,0,1,8,
2260141,0.38806,-0.0180169,0.107836,0,0,0,2,1,0,1,8,
2260180,0.379839,-0.0110876,0.105159,0,0,0,2,1,0,1,8,
2260220,0.365399,-0.000373901,0.101058,0,0,0,2,1,0,1,8,
2260260,0.345077,0.013897,0.095938,0,0,0,2,1,0,1,8,
2260300,0.318855,0.0313471,0.0894894,0,0,0,2,1,0,1,8,
2260340,0.288047,0.0506462,0.081997,0,0,0,2,1,0,1,8,
2260380,0.25296,0.072425,0.0732639,0,0,0,2,1,0,1,8,
2260420,0.215058,0.0920521,0.0639076,0,0,0,2,1,0,1,8,
2260461,0.173959,0.110367,0.0545166,0,0,0,2,1,0,1,8,
2260500,0.130208,0.125358,0.0466846,0,0,0,2,1,0,1,8,
2260540,0.0840013,0.13806,0.0402234,0,0,0,2,1,0,1,8,
2260580,0.0356276,0.149882,0.0352603,0,0,0,2,1,0,1,8,
2260620,-0.0113506,0.158507,0.0317765,0,0,0,2,1,0,1,8,
2260660,-0.0557761,0.16222,0.0308089,0,0,0,2,1,0,1,8,
2260700,-0.0947582,0.161837,0.0320801,0,0,0,2,1,0,1,8,
2260740,-0.127828,0.161195,0.0346177,0,0,0,2,1,0,1,8,
2260780,-0.154551,0.158696,0.03691,0,0,0,2,1,0,1,8,
2260820,-0.175007,0.155369,0.0385414,0,0,0,2,1,0,1,8,
2260860,-0.1881,0.152938,0.0393851,0,0,0,2,1,0,1,8,
2260900,-0.194034,0.151703,0.0393472,0,0,0,2,1,0,1,8,
2260940,-0.193463,0.151788,0.0389155,0,0,0,2,1,0,1,8,
2260980,-0.185553,0.152352,0.0366042,0,0,0,2,1,0,1,8,
2261020,-0.169413,0.154413,0.0335087,0,0,0,2,1,0,1,8,
2261060,-0.144537,0.157823,0.0303328,0,0,0,2,1,0,1,8,
2261100,-0.111677,0.15974,0.0267105,0,0,0,2,1,0,1,8,
2261140,-0.0702912,0.160547,0.023552,0,0,0,2,1,0,1,8,
2261180,-0.0221791,0.15919,0.0210834,0,0,0,2,1,0,1,8,
2261220,0.0296223,0.153584,0.020795,0,0,0,2,1,0,1,8,
2261260,0.0821843,0.143553,0.0201169,0,0,0,2,1,0,1,8,
2261300,0.133332,0.130563,0.0220171,0,0,0,2,1,0,1,8,
2261341,0.182482,0.112722,0.0269778,0,0,0,2,1,0,1,8,
2261380,0.229124,0.0917233,0.0343664,0,0,0,2,1,0,1,8,
2261420,0.270714,0.0695888,0.043555,0,0,0,2,1,0,1,8,
2261460,0.308573,0.0455046,0.0542701,0,0,0,2,1,0,1,8,
2261500,0.34093,0.0225951,0.0663939,0,0,0,2,1,0,1,8,
2261540,0.367784,0.00236709,0.0789309,0,0,0,2,1,0,1,8,
2261580,0.387576,-0.0144635,0.0891609,0,0,0,2,1,0,1,8,
2261620,0.400338,-0.0253261,0.0967613,0,0,0,2,1,0,1,8,
2261660,0.405737,-0.0298296,0.101444,0,0,0,2,1,0,1,8,
2261701,0.403918,-0.0277462,0.103273,0,0,0,2,1,0,1,8,
2261741,0.395204,-0.0204167,0.104549,0,0,0,2,1,0,1,8,
2261781,0.378429,-0.00724256,0.103864,0,0,0,2,1,0,1,8,
2261820,0.354034,0.00968289,0.101312,0,0,0,2,1,0,1,8,
2261860,0.321998,0.0302877,0.0976585,0,0,0,2,1,0,1,8,
2261900,0.283461,0.0525726,0.0928014,0,0,0,2,1,0,1,8,
2261941,0.240494,0.075699,0.0875253,0,0,0,2,1,0,1,8,
2261981,0.194836,0.0946706,0.0826016,0,0,0,2,1,0,1,8,
2262021,0.146799,0.110248,0.0761653,0,0,0,2,1,0,1,8,
2262060,0.0978964,0.122606,0.0679937,0,0,0,2,1,0,1,8,
2262100,0.046433,0.130643,0.0594672,0,0,0,2,1,0,1,8,
2262141,-0.00708203,0.13309,0.0514786,0,0,0,2,1,0,1,8,
2262180,-0.0605783,0.131569,0.0447159,0,0,0,2,1,0,1,8,
2262220,-0.112474,0.12495,0.0391524,0,0,0,2,1,0,1,8,
2262260,-0.159549,0.118536,0.0360545,0,0,0,2,1,0,1,8,
2262300,-0.20139,0.108158,0.0331362,0,0,0,2,1,0,1,8,
2262341,-0.233944,0.0987832,0.0306284,0,0,0,2,1,0,1,8,
2262381,-0.25526,0.0907107,0.0288597,0,0,0,2,1,0,1,8,
2262420,-0.26611,0.0868738,0.0286936,0,0,0,2,1,0,1,8,
2262461,-0.267017,0.0873746,0.0291137,0,0,0,2,1,0,1,8,
2262500,-0.259416,0.0913973,0.0287473,0,0,0,2,1,0,1,8,
2262540,-0.24205,0.100019,0.0291586,0,0,0,2,1,0,1,8,
2262580,-0.213789,0.112948,0.0315494,0,0,0,2,1,0,1,8,
2262620,-0.175559,0.1277,0.0343641,0,0,0,2,1,0,1,8,
2262660,-0.131334,0.138929,0.0388262,0,0,0,2,1,0,1,8,
2262700,-0.0832274,0.147376,0.0477949,0,0,0,2,1,0,1,8,
2262740,-0.0401037,0.150571,0.0640107,0,0,0,2,1,0,1,8,
2262781,-0.00850012,0.148066,0.0805567,0,0,0,2,1,0,1,8,
2262820,0.0100372,0.145592,0.0911936,0,0,0,2,1,0,1,8,
2262860,0.0193108,0.14506,0.0842253,0,0,0,2,1,0,1,8,
2262900,0.0246398,0.145204,0.0552919,0,0,0,2,1,0,1,8,
2262940,0.029888,0.142736,0.0142855,0,0,0,2,1,0,1,8,
2262980,0.0360079,0.134862,-0.0293668,0,0,0,2,1,0,1,8,
2263020,0.0393445,0.122757,-0.073837,0,0,0,2,1,0,1,8,
2263060,0.0380187,0.107103,-0.113872,0,0,0,2,1,0,1,8,
2263100,0.0324395,0.0944189,-0.146493,0,0,0,2,1,0,1,8,
2263140,0.0252744,0.0840781,-0.171174,0,0,0,2,1,0,1,8,
2263180,0.021096,0.0776477,-0.182846,0,0,0,2,1,0,1,8,
2263220,0.0218511,0.0760224,-0.184885,0,0,0,2,1,0,1,8,
2263260,0.0231804,0.0786285,-0.181477,0,0,0,2,1,0,1,8,
2263300,0.0266031,0.0862836,-0.1707,0,0,0,2,1,0,1,8,
2263340,0.0343561,0.0992382,-0.14897,0,0,0,2,1,0,1,8,
2263380,0.0451314,0.111705,-0.114123,0,0,0,2,1,0,1,8,
2263420,0.0570736,0.12366,-0.0633425,0,0,0,2,1,0,1,8,
2263460,0.0652644,0.129116,0.00164743,0,0,0,2,1,0,1,8,
2263500,0.0683669,0.128304,0.0718251,0,0,0,2,1,0,1,8,
2263540,0.0658684,0.119013,0.140403,0,0,0,2,1,0,1,8,
2263582,0.0610111,0.105845,0.203268,0,0,0,2,1,0,1,8,
2263620,0.0557692,0.0918103,0.253632,0,0,0,2,1,0,1,8,
2263660,0.0513745,0.0808703,0.286382,0,0,0,2,1,0,1,8,
2263700,0.0509734,0.0776734,0.294231,0,0,0,2,1,0,1,8,
2263740,0.0532029,0.0817938,0.283852,0,0,0,2,1,0,1,8,
2263781,0.0571293,0.0925827,0.256199,0,0,0,2,1,0,1,8,
2263820,0.0630651,0.106877,0.213583,0,0,0,2,1,0,1,8,
2263860,0.0685571,0.121966,0.162914,0,0,0,2,1,0,1,8,
2263901,0.0726941,0.134692,0.10563,0,0,0,2,1,0,1,8,
2263941,0.0734371,0.143119,0.0452675,0,0,0,2,1,0,1,8,
2263980,0.0729501,0.145157,-0.0165184,0,0,0,2,1,0,1,8,
2264021,0.0655941,0.138156,-0.0703872,0,0,0,2,1,0,1,8,
2264060,0.0529461,0.127009,-0.114222,0,0,0,2,1,0,1,8,
2264100,0.0399743,0.117023,-0.140218,0,0,0,2,1,0,1,8,
2264140,0.0349609,0.112299,-0.147764,0,0,0,2,1,0,1,8,
2264180,0.0367041,0.113969,-0.142714,0,0,0,2,1,0,1,8,
2264221,0.0403337,0.119814,-0.126489,0,0,0,2,1,0,1,8,
2264260,0.0438818,0.129115,-0.0989882,0,0,0,2,1,0,1,8,
2264300,0.0469322,0.139684,-0.0556428,0,0,0,2,1,0,1,8,
2264340,0.047343,0.147261,0.00212703,0,0,0,2,1,0,1,8,
2264381,0.0453399,0.147064,0.0655633,0,0,0,2,1,0,1,8,
2264420,0.0407999,0.139466,0.129293,0,0,0,2,1,0,1,8,
2264460,0.0369713,0.126754,0.185542,0,0,0,2,1,0,1,8,
2264500,0.0331277,0.113233,0.229498,0,0,0,2,1,0,1,8,
2264541,0.0319104,0.104333,0.250583,0,0,0,2,1,0,1,8,
2264580,0.0342595,0.103589,0.249047,0,0,0,2,1,0,1,8,
2264620,0.0397249,0.109567,0.227444,0,0,0,2,1,0,1,8,
2264660,0.0467762,0.119683,0.190147,0,0,0,2,1,0,1,8,
2264700,0.0528707,0.131367,0.14198,0,0,0,2,1,0,1,8,
2264740,0.0565612,0.141208,0.0864398,0,0,0,2,1,0,1,8,
2264780,0.0555475,0.145167,0.0256375,0,0,0,2,1,0,1,8,
2264820,0.0498708,0.143769,-0.0371205,0,0,0,2,1,0,1,8,
2264860,0.0383099,0.132554,-0.0881795,0,0,0,2,1,0,1,8,
2264900,0.0245737,0.118867,-0.126639,0,0,0,2,1,0,1,8,
2264940,0.0117018,0.10685,-0.149879,0,0,0,2,1,0,1,8,
2264981,0.00563775,0.0978288,-0.158055,0,0,0,2,1,1,1,8,
2265021,0.00615035,0.0961578,-0.15608,0,0,0,2,1,1,1,8,
2265060,0.00966738,0.101984,-0.14494,0,0,0,2,1,1,1,8,
2265100,0.014427,0.113281,-0.122208,0,0,0,2,1,1,1,8,
2265140,0.0199393,0.126592,-0.0846719,0,0,0,2,1,1,1,8,
2265180,0.0250461,0.136855,-0.0308191,0,0,0,2,1,1,1,8,
2265220,0.02782,0.142565,0.0383428,0,0,0,2,1,1,1,8,
2265260,0.0244711,0.138492,0.112028,0,0,0,2,1,1,1,8,
2265300,0.0185037,0.127262,0.176754,0,0,0,2,1,1,1,8,
2265341,0.0109148,0.117367,0.225289,0,0,0,2,1,1,1,8,
2265380,0.00588249,0.110863,0.250727,0,0,0,2,1,1,1,8,
2265420,0.00386591,0.110967,0.255694,0,0,0,2,1,1,1,8,
2265460,0.00402546,0.114304,0.248412,0,0,0,2,1,1,1,8,
2265500,0.0056546,0.120236,0.231327,0,0,0,2,1,1,1,8,
2265540,0.00473469,0.128891,0.206025,0,0,0,2,1,1,1,8,
2265580,-0.00524707,0.140318,0.176087,0,0,0,2,1,1,1,8,
2265620,-0.0267389,0.152408,0.143692,0,0,0,2,1,1,1,8,
2265660,-0.0607179,0.160789,0.110191,0,0,0,2,1,1,1,8,
2265700,-0.106724,0.160264,0.0778413,0,0,0,2,1,1,1,8,
2265740,-0.158734,0.151459,0.0537831,0,0,0,2,1,1,1,8,
2265781,-0.215196,0.136018,0.0378692,0,0,0,2,1,1,1,8,
2265820,-0.270254,0.115336,0.028016,0,0,0,2,1,1,1,8,
2265860,-0.32303,0.0909307,0.0236076,0,0,0,2,1,1,1,8,
2265900,-0.368723,0.0665124,0.0227349,0,0,0,2,1,1,1,8,
2265941,-0.405639,0.0415552,0.023791,0,0,0,2,1,1,1,8,
2265980,-0.433975,0.0192691,0.024917,0,0,0,2,1,1,1,8,
2266021,-0.45756,-0.00183209,0.0259078,0,0,0,2,1,1,1,8,
2266060,-0.476026,-0.0194695,0.0269957,0,0,0,2,1,1,1,8,
2266101,-0.490705,-0.0331374,0.0285112,0,0,0,2,1,1,1,8,
2266140,-0.505082,-0.0478193,0.0288919,0,0,0,2,1,1,1,8,
2266180,-0.52062,-0.0637095,0.0288501,0,0,0,2,1,1,1,8,
2266220,-0.536017,-0.0786309,0.0285645,0,0,0,2,1,1,1,8,
2266260,-0.550513,-0.0915297,0.02841,0,0,0,2,1,1,1,8,
2266300,-0.563217,-0.102328,0.0284139,0,0,0,2,1,1,1,8,
2266340,-0.572552,-0.10785,0.0292809,0,0,0,2,1,1,1,8,
2266380,-0.577728,-0.108567,0.0304366,0,0,0,2,1,1,1,8,
2266421,-0.579803,-0.107535,0.0313365,0,0,0,2,1,1,1,8,
2266460,-0.580382,-0.106972,0.0311768,0,0,0,2,1,1,1,8,
2266500,-0.580234,-0.106366,0.0308216,0,0,0,2,1,1,1,8,
2266540,-0.580073,-0.105943,0.0306354,0,0,0,2,1,1,1,8,
2266580,-0.580074,-0.105861,0.0306177,0,0,0,2,1,1,1,8,
2266620,-0.580074,-0.105861,0.0306177,0,0,0,2,1,1,1,8,
2266660,-0.580098,-0.105848,0.030641,0,0,0,2,1,1,1,8,
2266700,-0.580358,-0.105991,0.0303499,0,0,0,2,1,1,1,8,
2266740,-0.581152,-0.106988,0.0291574,0,0,0,2,1,1,1,8,
2266780,-0.582125,-0.108377,0.0284072,0,0,0,2,1,1,1,8,
2266820,-0.584197,-0.111859,0.0275663,0,0,0,2,1,1,1,8,
2266860,-0.58869,-0.118845,0.0254108,0,0,0,2,1,1,1,8,
2266900,-0.595858,-0.128859,0.0229218,0,0,0,2,1,1,1,8,
2266940,-0.604392,-0.140769,0.0208067,1.08233,0,0,2,1,1,1,8,
2266980,-0.615094,-0.154921,0.0184761,17.7501,0,0,2,1,1,1,8,
2267020,-0.627018,-0.16767,0.0153366,42.574,0,0,2,1,1,1,8,
2267060,-0.639546,-0.17712,0.0077889,70.1111,0,0,2,1,1,1,8,
2267100,-0.650742,-0.185883,0.00125231,96.4511,0,0,2,1,1,1,8,
2267140,-0.666621,-0.174613,0.00995531,119.254,0,0,2,1,1,1,8,
2267180,-0.752565,-0.0309661,0.0896345,221.661,0,0,2,1,1,1,8,
2267220,-0.851976,0.151063,0.183985,431.53,0,0,2,1,1,1,8,
2267260,-0.958109,0.356108,0.286846,656.441,0,0,2,1,1,1,8,
2267300,-1.06991,0.57988,0.399309,896.15,0,0,2,1,1,1,8,
2267340,-1.18777,0.815726,0.519966,1147.46,-48.5983,0,2,1,1,1,8,
2267380,-1.29878,1.0766,0.63275,1409.38,-495.146,0,2,1,1,1,8,
2267420,-1.37845,1.42771,0.719738,1618.57,-1164.9,0,2,1,1,1,8,
2267460,-1.44289,1.82297,0.815745,1772.49,-1989.47,0,2,1,1,1,8,
2267500,-1.50712,2.24279,0.906222,1916.62,-2878.56,-31.245,2,1,1,1,8,
2267540,-1.56963,2.69705,0.995198,2055.74,-3838.22,-210.742,2,1,1,1,8,
2267580,-1.62899,3.18275,1.0821,2190.63,-4870.73,-404.443,2,1,1,1,8,
2267620,-1.68639,3.6991,1.16745,2318.92,-5968.18,-593.907,2,1,1,1,8,
2267661,-1.74045,4.24086,1.24803,2442.19,-7129.88,-777.528,2,1,1,1,8,
2267700,-1.79035,4.79307,1.31945,2556.51,-8328.41,-945.353,2,1,1,1,8,
2267740,-1.83981,5.38658,1.38776,2666.04,-9588.21,-1099.03,2,1,1,1,8,
2267780,-1.88507,6.00904,1.45346,2771.17,-10922.2,-1246.85,2,1,1,1,8,
2267821,-1.92769,6.66319,1.51603,2867.16,-12320.9,-1387.85,2,1,1,1,8,
2267860,-1.96968,7.34629,1.57609,2960.6,-13788,-1523.05,2,1,1,1,8,
2267901,-2.00985,8.06113,1.63369,3050.59,-15319.5,-1651.63,2,1,1,1,8,
2267940,-2.04766,8.80516,1.68919,3137.58,-16923.4,-1777.77,2,1,1,1,8,
2267982,-2.08308,9.57865,1.74042,3217.82,-18588.7,-1895.39,2,1,1,1,8,
2268021,-2.11647,10.3638,1.78723,3293.67,-20290.8,-2002.92,2,1,1,1,8,
2268060,-2.14927,11.1994,1.83286,3366.36,-22079.3,-2105.44,2,1,1,1,8,
2268100,-2.18316,12.0659,1.8736,3439.36,-23948.5,-2201.28,2,1,1,1,8,
2268140,-2.21694,12.9635,1.90949,3514.58,-25887.1,-2286.13,2,1,1,1,8,
2268180,-2.24917,13.8922,1.94204,3587.36,-27892.5,-2361.48,2,1,1,1,8,
2268220,-2.27798,14.848,1.97094,3655.36,-29964.2,-2429.71,2,1,1,1,8,
2268260,-2.30214,15.8361,1.99528,3714.23,-32104,-2488.93,2,1,1,1,8,
2268301,-2.32245,16.8516,2.0158,3763.39,-34298.8,-2538.49,2,1,1,1,8,
2268340,-2.33795,17.8682,2.03143,3802.9,-36510.2,-2578.39,2,1,1,1,8,
2268380,-2.35046,18.9402,2.04399,3834.51,-38825,-2610.25,2,1,1,1,8,
2268420,-2.35947,20.0424,2.05302,3858.52,-41215.3,-2634.31,2,1,1,1,8,
2268460,-2.36458,21.1743,2.05816,3874.26,-43667.5,-2650.09,2,1,1,1,8,
2268500,-2.36545,22.3343,2.05936,3881.81,-46186.9,-2657.82,2,1,1,1,8,
2268540,-2.36186,23.5234,2.05645,3879,-48767.8,-2656.29,2,1,1,1,8,
2268580,-2.35394,24.7416,2.04934,3866.7,-51412.1,-2645.75,2,1,1,1,8,
2268620,-2.34167,25.9564,2.03817,3844.97,-54114.4,-2625.95,2,1,1,1,8,
2268660,-2.32641,27.2337,2.02388,3814.13,-56822.1,-2597.31,2,1,1,1,8,
2268700,-2.3076,28.5418,2.00606,3778.92,-59666.4,-2564.4,2,1,1,1,8,
2268740,-2.28127,29.8726,1.98049,3729.65,-62567,-2516.89,2,1,1,1,8,
2268780,-2.25078,31.2333,1.9505,3667.33,-65523.6,-2456.24,2,1,1,1,8,
2268821,-2.21242,32.6208,1.91236,3593.39,-68541.5,-2383.02,2,1,1,1,8,
2268860,-2.16319,34.0176,1.86325,3499.08,-71605.2,-2289.1,2,1,1,1,8,
2268900,-2.10871,35.4441,1.80875,3382.12,-74706.7,-2172.22,2,1,1,1,8,
2268940,-2.05154,36.8642,1.75157,3260.1,-77865.3,-2050.17,2,1,1,1,8,
2268980,-1.99108,38.3553,1.69109,3129.82,-81034.2,-1919.87,2,1,1,1,8,
2269020,-1.93684,39.8906,1.63684,3004.18,-84354.8,-1794.21,2,1,1,1,8,
2269060,-1.8817,41.4621,1.5817,2884.62,-87772.8,-1674.61,2,1,1,1,8,
2269100,-1.82371,43.0654,1.52373,2760.15,-91261.5,-1550.19,2,1,1,1,8,
2269140,-1.7664,44.705,1.46641,2632.9,-94823.7,-1422.92,2,1,1,1,8,
2269180,-1.70782,46.3819,1.40783,2506.32,-98470.8,-1296.33,2,1,1,1,8,
2269220,-1.64584,48.0863,1.34584,2374.16,-102187,-1164.17,2,1,1,1,8,
2269261,-1.58135,49.7777,1.28134,2234.68,-105928,-1024.66,2,1,1,1,8,
2269300,-1.51501,51.5468,1.21497,2090.95,-109722,-880.897,2,1,1,1,8,
2269340,-1.4478,53.3525,1.14773,1943.87,-113653,-733.71,2,1,1,1,8,
2269380,-1.38043,55.1942,1.08045,1796,-117659,-585.865,2,1,1,1,8,
2269420,-1.31223,57.0783,1.01244,1647.05,-121750,-437.311,2,1,1,1,8,
2269460,-1.24295,58.9825,0.943236,1495.73,-125922,-286.279,2,1,1,1,8,
2269500,-1.17251,60.9307,0.872794,1342.76,-130151,-133.39,2,1,1,1,8,
2269541,-1.09922,62.9066,0.799513,1184.91,-134463,-9.45982,2,1,1,1,8,
2269580,-1.02327,64.8627,0.72406,1021.57,-138787,0,2,1,1,1,8,
2269620,-0.941853,66.9006,0.643105,848.557,-143176,0,2,1,1,1,8,
2269660,-0.856099,68.9633,0.557649,665.781,-147684,0,2,1,1,1,8,
2269700,-0.765614,71.0564,0.467153,472.063,-152253,0,2,1,1,1,8,
2269740,-0.672839,73.1814,0.374341,269.71,-156888,0,2,1,1,1,8,
2269781,-0.579077,75.3509,0.280534,68.5685,-161599,0,2,1,1,1,8,
2269820,-0.48321,77.5414,0.184777,0,-166393,0,2,1,1,1,8,
2269861,-0.37777,79.7518,0.0796031,0,-171245,0,2,1,1,1,8,
2269900,-0.273751,81.9455,-0.0242135,0,-176058,0,2,1,1,1,8,
2269941,-0.167557,84.2379,-0.130363,0,-181004,0,2,1,1,1,8,
2269981,-0.0633007,86.5619,-0.234637,0,-186072,0,2,1,1,1,8,
2270021,0.0414494,88.9225,-0.339387,0,-191236,0,2,1,1,1,8,
2270060,0.148074,91.3164,-0.446012,0,-196465,0,2,1,1,1,8,
2270100,0.258931,93.7402,-0.556869,0,-201749,0,2,1,1,1,8,
2270141,0.372158,96.1993,-0.670133,0,-207110,0,2,1,1,1,8,
2270182,0.489478,98.6814,-0.787582,0,-212545,0,2,1,1,1,8,
2270220,0.609179,101.13,-0.907486,0,-217913,22.6544,2,1,1,1,8,
2270260,0.733403,103.679,-1.03202,-140.348,-223460,246.914,2,1,1,1,8,
2270301,0.859367,106.257,-1.15832,-415.751,-229098,523.034,2,1,1,1,8,
2270340,0.984219,108.875,-1.28353,-693.021,-234815,801.115,2,1,1,1,8,
2270380,1.10744,111.531,-1.40711,-965.33,-240609,1074.18,2,1,1,1,8,
2270420,1.2347,114.221,-1.53437,-1239.85,-246507,1349.16,2,1,1,1,8,
2270461,1.36315,116.947,-1.6627,-1521.27,-252437,1630.42,2,1,1,1,8,
2270500,1.4886,119.633,-1.78805,-1802.87,-258462,1911.79,2,1,1,1,8,
2270540,1.62791,122.41,-1.92735,-2089.89,-264398,2198.66,2,1,1,1,8,
2270580,1.76551,125.224,-2.06493,-2395.42,-270539,2504.14,2,1,1,1,8,
2270621,1.9085,128.068,-2.20792,-2702.54,-276761,2811.26,2,1,1,1,8,
2270660,2.05901,130.935,-2.35842,-3024.47,-283046,3133.19,2,1,1,1,8,
2270700,2.21241,133.828,-2.51182,-3358.57,-289379,3467.28,2,1,1,1,8,
2270740,2.36944,136.761,-2.66885,-3701.46,-295785,3810.17,2,1,1,1,8,
2270780,2.52766,139.729,-2.82702,-4045.68,-302267,4154.39,2,1,1,1,8,
2270820,2.68572,142.641,-2.98513,-4398.67,-308782,4507.17,2,1,1,1,8,
2270860,2.85077,145.664,-3.15044,-4749.71,-315263,4858.65,2,1,1,1,8,
2270900,3.01497,148.725,-3.31478,-5112.43,-321954,5221.84,2,1,1,1,8,
2270940,3.17912,151.826,-3.47904,-5475.24,-328744,5584.94,2,1,1,1,8,
2270980,3.34229,154.965,-3.64209,-5835.01,-335582,5944.84,2,1,1,1,8,
2271021,3.50689,158.139,-3.80637,-6193.81,-342520,6303,2,1,1,1,8,
2271060,3.69935,161.294,-3.99875,-6579.76,-349494,6688.5,2,1,1,1,8,
2271100,3.91689,164.451,-4.2163,-7024.39,-356440,7133.08,2,1,1,1,8,
2271140,4.15623,167.509,-4.45554,-7533.04,-363289,7641.67,2,1,1,1,8,
2271180,4.39593,170.695,-4.69497,-8056.21,-370142,8164.46,2,1,1,1,8,
2271220,4.62632,173.932,-4.92508,-8581.76,-377192,8689.36,2,1,1,1,8,
2271260,4.83408,177.25,-5.13275,-9066.54,-384397,9173.68,2,1,1,1,8,
